SMOS1,LoginException
SMOS1,PermissionException
SMOS1,ServletAlterPersonalDate
SMOS1,ServletAssignRole
SMOS1,ServletDeleteNote
SMOS1,ServletDeleteUser
SMOS1,ServletInsertNewNote
SMOS1,ServletInsertUser
SMOS1,ServletLogin
SMOS1,ServletLogout
SMOS1,ServletShowNoteDetails
SMOS1,ServletShowRegister
SMOS1,ServletShowUserDetails
SMOS1,ServletShowUserList
SMOS1,ServletShowUserRoleForm
SMOS1,ServletShowUserTeachingForm
SMOS1,ServletUpdateUser
SMOS1,User
SMOS1,UserListItem
SMOS1,managerUser
SMOS10,DeleteAdministratorException
SMOS10,DeleteManagerException
SMOS10,Role
SMOS10,ServletAddRemoveTeachingsAsAddress
SMOS10,ServletAddTeachingAsTeacher
SMOS10,ServletAlterPersonalDate
SMOS10,ServletAssignParentStudent
SMOS10,ServletAssignRole
SMOS10,ServletAssignStudentClassroom
SMOS10,ServletDeleteUser
SMOS10,ServletInsertUser
SMOS10,ServletRemoveStudentClassroom
SMOS10,ServletRemoveTeachingAsTeacher
SMOS10,ServletShowAddressDetails
SMOS10,ServletShowUserDetails
SMOS10,ServletShowUserList
SMOS10,ServletShowUserRoleForm
SMOS10,ServletShowUserTeachingForm
SMOS10,ServletUpdateUser
SMOS10,managerUser
SMOS11,ManagerTeaching
SMOS11,ServletAddRemoveTeachingsAsAddress
SMOS11,ServletAddTeachingAsTeacher
SMOS11,ServletAddressTeachings
SMOS11,ServletAssignParentStudent
SMOS11,ServletAssignRole
SMOS11,ServletAssignStudentClassroom
SMOS11,ServletDeleteTeaching
SMOS11,ServletInsertTeaching
SMOS11,ServletLoadTeachingList
SMOS11,ServletRemoveStudentClassroom
SMOS11,ServletRemoveTeachingAsTeacher
SMOS11,ServletReportTeachings
SMOS11,ServletShowClassroomDetails
SMOS11,ServletShowTeacherTeachingFormByClass
SMOS11,ServletShowTeachingDetails
SMOS11,ServletShowTeachingList
SMOS11,ServletShowUserTeachingForm
SMOS11,ServletUpdateTeaching
SMOS11,managerUser
SMOS12,DeleteAdministratorException
SMOS12,ServletAddRemoveTeachingsAsAddress
SMOS12,ServletAddTeachingAsTeacher
SMOS12,ServletAssignParentStudent
SMOS12,ServletAssignRole
SMOS12,ServletAssignStudentClassroom
SMOS12,ServletDeleteReport
SMOS12,ServletDeleteUser
SMOS12,ServletInsertReport
SMOS12,ServletLoadReport
SMOS12,ServletLoadTeachingList
SMOS12,ServletRemoveStudentClassroom
SMOS12,ServletRemoveTeachingAsTeacher
SMOS12,ServletReportTeachings
SMOS12,ServletShowStudentsByClass
SMOS12,ServletShowTeacherTeachingFormByClass
SMOS12,ServletShowUserRoleForm
SMOS12,ServletShowUserTeachingForm
SMOS12,ServletUpdateReport
SMOS12,managerUser
SMOS13,ManagerClassroom
SMOS13,ServletAssignRole
SMOS13,ServletAssignStudentClassroom
SMOS13,ServletDeleteClassroom
SMOS13,ServletLoadClassByAccademicYear
SMOS13,ServletLoadTeachingList
SMOS13,ServletLoadYear
SMOS13,ServletRemoveStudentClassroom
SMOS13,ServletReportTeachings
SMOS13,ServletShowClassroomByAcademicYear
SMOS13,ServletShowClassroomDetails
SMOS13,ServletShowClassroomList
SMOS13,ServletShowClassroomManagement
SMOS13,ServletShowNoteList
SMOS13,ServletShowStudentsByClass
SMOS13,ServletShowTeacherTeachingFormByClass
SMOS13,ServletShowTeachingList
SMOS13,ServletShowUserList
SMOS13,ServletShowUserRoleForm
SMOS13,managerUser
SMOS14,Classroom
SMOS14,DeleteAdministratorException
SMOS14,ManagerClassroom
SMOS14,ServletAddTeachingAsTeacher
SMOS14,ServletAssignStudentClassroom
SMOS14,ServletDeleteClassroom
SMOS14,ServletInsertAddress
SMOS14,ServletInsertClassroom
SMOS14,ServletInsertNewNote
SMOS14,ServletInsertReport
SMOS14,ServletInsertTeaching
SMOS14,ServletInsertUser
SMOS14,ServletLoadClassByAccademicYear
SMOS14,ServletRemoveStudentClassroom
SMOS14,ServletShowClassroomByAcademicYear
SMOS14,ServletShowClassroomDetails
SMOS14,ServletShowClassroomList
SMOS14,ServletShowClassroomManagement
SMOS14,ServletShowTeacherTeachingFormByClass
SMOS14,managerUser
SMOS15,Classroom
SMOS15,ManagerClassroom
SMOS15,ServletAssignStudentClassroom
SMOS15,ServletDeleteClassroom
SMOS15,ServletInsertClassroom
SMOS15,ServletLoadClassByAccademicYear
SMOS15,ServletLoadYear
SMOS15,ServletRemoveStudentClassroom
SMOS15,ServletReportTeachings
SMOS15,ServletShowClassroomByAcademicYear
SMOS15,ServletShowClassroomDetails
SMOS15,ServletShowClassroomList
SMOS15,ServletShowClassroomManagement
SMOS15,ServletShowNoteDetails
SMOS15,ServletShowStudentsByClass
SMOS15,ServletShowTeacherTeachingFormByClass
SMOS15,ServletShowTeachingDetails
SMOS15,ServletShowUserDetails
SMOS15,ServletShowUserTeachingForm
SMOS15,managerUser
SMOS16,DeleteAdministratorException
SMOS16,DeleteManagerException
SMOS16,ManagerClassroom
SMOS16,ServletAssignRole
SMOS16,ServletAssignStudentClassroom
SMOS16,ServletDeleteAddress
SMOS16,ServletDeleteClassroom
SMOS16,ServletDeleteNote
SMOS16,ServletDeleteReport
SMOS16,ServletDeleteTeaching
SMOS16,ServletDeleteUser
SMOS16,ServletInsertClassroom
SMOS16,ServletLogout
SMOS16,ServletRemoveStudentClassroom
SMOS16,ServletRemoveTeachingAsTeacher
SMOS16,ServletShowClassroomDetails
SMOS16,ServletShowClassroomList
SMOS16,ServletShowClassroomManagement
SMOS16,ServletShowStudentsByClass
SMOS16,managerUser
SMOS17,Address
SMOS17,DeleteAdministratorException
SMOS17,ManagerAddress
SMOS17,ServletAddRemoveTeachingsAsAddress
SMOS17,ServletAddressTeachings
SMOS17,ServletAssignRole
SMOS17,ServletDeleteAddress
SMOS17,ServletDeleteUser
SMOS17,ServletInsertAddress
SMOS17,ServletLoadClassByAccademicYear
SMOS17,ServletShowAddressDetails
SMOS17,ServletShowAddressList
SMOS17,ServletShowClassroomList
SMOS17,ServletShowClassroomManagement
SMOS17,ServletShowNoteList
SMOS17,ServletShowTeachingList
SMOS17,ServletShowUserDetails
SMOS17,ServletShowUserList
SMOS17,ServletShowUserRoleForm
SMOS17,managerUser
SMOS18,Address
SMOS18,DeleteAdministratorException
SMOS18,ManagerAddress
SMOS18,ServletAddRemoveTeachingsAsAddress
SMOS18,ServletAddressTeachings
SMOS18,ServletAlterPersonalDate
SMOS18,ServletAssignRole
SMOS18,ServletDeleteAddress
SMOS18,ServletDeleteUser
SMOS18,ServletInsertAddress
SMOS18,ServletInsertClassroom
SMOS18,ServletInsertNewNote
SMOS18,ServletInsertReport
SMOS18,ServletInsertTeaching
SMOS18,ServletInsertUser
SMOS18,ServletShowAddressDetails
SMOS18,ServletShowAddressList
SMOS18,ServletShowUserList
SMOS18,ServletUpdateUser
SMOS18,managerUser
SMOS19,Address
SMOS19,ManagerAddress
SMOS19,ServletAddRemoveTeachingsAsAddress
SMOS19,ServletAddressTeachings
SMOS19,ServletAssignRole
SMOS19,ServletDeleteAddress
SMOS19,ServletDeleteUser
SMOS19,ServletInsertAddress
SMOS19,ServletShowAddressDetails
SMOS19,ServletShowAddressList
SMOS19,ServletShowClassroomDetails
SMOS19,ServletShowJustifyDetails
SMOS19,ServletShowNoteDetails
SMOS19,ServletShowTeachingDetails
SMOS19,ServletShowUserDetails
SMOS19,ServletShowUserList
SMOS19,ServletShowUserRoleForm
SMOS19,ServletShowUserTeachingForm
SMOS19,ServletUpdateUser
SMOS19,managerUser
SMOS2,DeleteAdministratorException
SMOS2,DeleteManagerException
SMOS2,LoginException
SMOS2,PermissionException
SMOS2,ServletAlterPersonalDate
SMOS2,ServletDeleteUser
SMOS2,ServletInsertNewNote
SMOS2,ServletInsertUser
SMOS2,ServletLogin
SMOS2,ServletLogout
SMOS2,ServletShowNoteDetails
SMOS2,ServletShowRegister
SMOS2,ServletShowUserDetails
SMOS2,ServletShowUserList
SMOS2,ServletShowUserRoleForm
SMOS2,ServletShowUserTeachingForm
SMOS2,ServletUpdateUser
SMOS2,User
SMOS2,UserListItem
SMOS2,managerUser
SMOS20,Address
SMOS20,DeleteAdministratorException
SMOS20,DeleteManagerException
SMOS20,ManagerAddress
SMOS20,ServletAddRemoveTeachingsAsAddress
SMOS20,ServletAddressTeachings
SMOS20,ServletAssignStudentClassroom
SMOS20,ServletDeleteAddress
SMOS20,ServletDeleteClassroom
SMOS20,ServletDeleteNote
SMOS20,ServletDeleteReport
SMOS20,ServletDeleteTeaching
SMOS20,ServletDeleteUser
SMOS20,ServletInsertAddress
SMOS20,ServletRemoveStudentClassroom
SMOS20,ServletRemoveTeachingAsTeacher
SMOS20,ServletShowAddressDetails
SMOS20,ServletShowAddressList
SMOS20,ServletShowClassroomDetails
SMOS20,managerUser
SMOS21,ManagerAddress
SMOS21,ServletAddRemoveTeachingsAsAddress
SMOS21,ServletAddTeachingAsTeacher
SMOS21,ServletAddressTeachings
SMOS21,ServletAssignParentStudent
SMOS21,ServletAssignRole
SMOS21,ServletAssignStudentClassroom
SMOS21,ServletDeleteAddress
SMOS21,ServletDeleteTeaching
SMOS21,ServletInsertTeaching
SMOS21,ServletLoadTeachingList
SMOS21,ServletRemoveStudentClassroom
SMOS21,ServletRemoveTeachingAsTeacher
SMOS21,ServletReportTeachings
SMOS21,ServletShowAddressDetails
SMOS21,ServletShowTeacherTeachingFormByClass
SMOS21,ServletShowTeachingDetails
SMOS21,ServletShowTeachingList
SMOS21,ServletShowUserTeachingForm
SMOS21,ServletUpdateTeaching
SMOS22,ManagerTeaching
SMOS22,ServletAddRemoveTeachingsAsAddress
SMOS22,ServletAddTeachingAsTeacher
SMOS22,ServletAddressTeachings
SMOS22,ServletDeleteTeaching
SMOS22,ServletInsertTeaching
SMOS22,ServletLoadTeachingList
SMOS22,ServletRemoveTeachingAsTeacher
SMOS22,ServletReportTeachings
SMOS22,ServletShowClassroomList
SMOS22,ServletShowClassroomManagement
SMOS22,ServletShowReports
SMOS22,ServletShowTeacherTeachingFormByClass
SMOS22,ServletShowTeachingDetails
SMOS22,ServletShowTeachingList
SMOS22,ServletShowUserList
SMOS22,ServletShowUserRoleForm
SMOS22,ServletShowUserTeachingForm
SMOS22,ServletUpdateTeaching
SMOS22,managerUser
SMOS23,ManagerTeaching
SMOS23,ServletAddRemoveTeachingsAsAddress
SMOS23,ServletAddTeachingAsTeacher
SMOS23,ServletAddressTeachings
SMOS23,ServletDeleteTeaching
SMOS23,ServletInsertClassroom
SMOS23,ServletInsertNewNote
SMOS23,ServletInsertReport
SMOS23,ServletInsertTeaching
SMOS23,ServletInsertUser
SMOS23,ServletLoadTeachingList
SMOS23,ServletRemoveTeachingAsTeacher
SMOS23,ServletReportTeachings
SMOS23,ServletShowTeacherTeachingFormByClass
SMOS23,ServletShowTeachingDetails
SMOS23,ServletShowTeachingList
SMOS23,ServletShowUserTeachingForm
SMOS23,ServletUpdateReport
SMOS23,ServletUpdateTeaching
SMOS23,Teaching
SMOS24,ManagerTeaching
SMOS24,ServletAddRemoveTeachingsAsAddress
SMOS24,ServletAddTeachingAsTeacher
SMOS24,ServletAddressTeachings
SMOS24,ServletDeleteTeaching
SMOS24,ServletInsertTeaching
SMOS24,ServletLoadTeachingList
SMOS24,ServletRemoveTeachingAsTeacher
SMOS24,ServletReportTeachings
SMOS24,ServletShowClassroomDetails
SMOS24,ServletShowNoteDetails
SMOS24,ServletShowReports
SMOS24,ServletShowTeacherTeachingFormByClass
SMOS24,ServletShowTeachingDetails
SMOS24,ServletShowTeachingList
SMOS24,ServletShowUserDetails
SMOS24,ServletShowUserTeachingForm
SMOS24,ServletUpdateTeaching
SMOS24,Teaching
SMOS24,managerUser
SMOS25,ManagerTeaching
SMOS25,ServletAddRemoveTeachingsAsAddress
SMOS25,ServletAddTeachingAsTeacher
SMOS25,ServletAddressTeachings
SMOS25,ServletAssignParentStudent
SMOS25,ServletDeleteTeaching
SMOS25,ServletInsertClassroom
SMOS25,ServletInsertReport
SMOS25,ServletInsertTeaching
SMOS25,ServletLoadTeachingList
SMOS25,ServletRemoveTeachingAsTeacher
SMOS25,ServletReportTeachings
SMOS25,ServletShowClassroomDetails
SMOS25,ServletShowTeacherTeachingFormByClass
SMOS25,ServletShowTeachingDetails
SMOS25,ServletShowTeachingList
SMOS25,ServletShowUserTeachingForm
SMOS25,ServletUpdateReport
SMOS25,ServletUpdateTeaching
SMOS25,Teaching
SMOS26,DeleteAdministratorException
SMOS26,ServletAddRemoveTeachingsAsAddress
SMOS26,ServletAddTeachingAsTeacher
SMOS26,ServletAddressTeachings
SMOS26,ServletAssignStudentClassroom
SMOS26,ServletDeleteClassroom
SMOS26,ServletDeleteReport
SMOS26,ServletDeleteTeaching
SMOS26,ServletDeleteUser
SMOS26,ServletInsertTeaching
SMOS26,ServletLoadTeachingList
SMOS26,ServletRemoveStudentClassroom
SMOS26,ServletRemoveTeachingAsTeacher
SMOS26,ServletReportTeachings
SMOS26,ServletShowReports
SMOS26,ServletShowTeacherTeachingFormByClass
SMOS26,ServletShowTeachingDetails
SMOS26,ServletShowTeachingList
SMOS26,ServletShowUserTeachingForm
SMOS26,ServletUpdateTeaching
SMOS27,ServletAssignParentStudent
SMOS27,ServletAssignRole
SMOS27,ServletComputateStatistics
SMOS27,ServletLoadClassByAccademicYear
SMOS27,ServletLoadYear
SMOS27,ServletReportTeachings
SMOS27,ServletShowClassroomByAcademicYear
SMOS27,ServletShowClassroomDetails
SMOS27,ServletShowClassroomList
SMOS27,ServletShowClassroomManagement
SMOS27,ServletShowJustifyList
SMOS27,ServletShowNoteDetails
SMOS27,ServletShowNoteList
SMOS27,ServletShowRegister
SMOS27,ServletShowReports
SMOS27,ServletShowStudentsByClass
SMOS27,ServletShowTeacherTeachingFormByClass
SMOS27,ServletShowTeachingList
SMOS27,ServletShowUserList
SMOS27,managerUser
SMOS28,DeleteAdministratorException
SMOS28,ServletAssignParentStudent
SMOS28,ServletAssignStudentClassroom
SMOS28,ServletReportTeachings
SMOS28,ServletShowClassroomDetails
SMOS28,ServletShowClassroomList
SMOS28,ServletShowClassroomManagement
SMOS28,ServletShowJustifyDetails
SMOS28,ServletShowJustifyList
SMOS28,ServletShowNoteDetails
SMOS28,ServletShowNoteList
SMOS28,ServletShowRegister
SMOS28,ServletShowStudentsByClass
SMOS28,ServletShowTeacherTeachingFormByClass
SMOS28,ServletShowUserDetails
SMOS28,ServletShowUserList
SMOS28,ServletShowUserTeachingForm
SMOS28,ServletUpdateRegister
SMOS28,ServletUpdateReport
SMOS28,managerUser
SMOS29,Absence
SMOS29,DeleteAdministratorException
SMOS29,ManagerRegister
SMOS29,ServletAddTeachingAsTeacher
SMOS29,ServletAssignParentStudent
SMOS29,ServletAssignRole
SMOS29,ServletAssignStudentClassroom
SMOS29,ServletInsertAddress
SMOS29,ServletInsertClassroom
SMOS29,ServletInsertJustify
SMOS29,ServletInsertNewNote
SMOS29,ServletInsertReport
SMOS29,ServletInsertTeaching
SMOS29,ServletInsertUser
SMOS29,ServletRemoveStudentClassroom
SMOS29,ServletShowNoteDetails
SMOS29,ServletShowRegister
SMOS29,ServletUpdateRegister
SMOS29,TestRegister
SMOS29,managerUser
SMOS3,DeleteAdministratorException
SMOS3,LoginException
SMOS3,ServletAlterPersonalDate
SMOS3,ServletAssignRole
SMOS3,ServletDeleteNote
SMOS3,ServletDeleteUser
SMOS3,ServletInsertUser
SMOS3,ServletLogin
SMOS3,ServletLogout
SMOS3,ServletRemoveStudentClassroom
SMOS3,ServletRemoveTeachingAsTeacher
SMOS3,ServletShowNoteDetails
SMOS3,ServletShowUserDetails
SMOS3,ServletShowUserList
SMOS3,ServletShowUserRoleForm
SMOS3,ServletShowUserTeachingForm
SMOS3,ServletUpdateUser
SMOS3,User
SMOS3,UserListItem
SMOS3,managerUser
SMOS30,Delay
SMOS30,DeleteAdministratorException
SMOS30,RegisterLine
SMOS30,ServletAddTeachingAsTeacher
SMOS30,ServletAssignParentStudent
SMOS30,ServletAssignRole
SMOS30,ServletAssignStudentClassroom
SMOS30,ServletInsertClassroom
SMOS30,ServletInsertJustify
SMOS30,ServletInsertNewNote
SMOS30,ServletInsertReport
SMOS30,ServletInsertTeaching
SMOS30,ServletInsertUser
SMOS30,ServletLoadReport
SMOS30,ServletShowNoteDetails
SMOS30,ServletShowRegister
SMOS30,ServletUpdateRegister
SMOS30,ServletUpdateReport
SMOS30,TestRegister
SMOS30,managerUser
SMOS31,Absence
SMOS31,DeleteAdministratorException
SMOS31,ManagerRegister
SMOS31,ServletAddTeachingAsTeacher
SMOS31,ServletAlterPersonalDate
SMOS31,ServletAssignParentStudent
SMOS31,ServletAssignRole
SMOS31,ServletAssignStudentClassroom
SMOS31,ServletDeleteUser
SMOS31,ServletInsertReport
SMOS31,ServletRemoveStudentClassroom
SMOS31,ServletRemoveTeachingAsTeacher
SMOS31,ServletShowAddressDetails
SMOS31,ServletShowNoteDetails
SMOS31,ServletShowTeachingDetails
SMOS31,ServletUpdateRegister
SMOS31,ServletUpdateReport
SMOS31,ServletUpdateUser
SMOS31,TestRegister
SMOS31,managerUser
SMOS32,Delay
SMOS32,DeleteAdministratorException
SMOS32,RegisterLine
SMOS32,ServletAlterPersonalDate
SMOS32,ServletAssignParentStudent
SMOS32,ServletAssignRole
SMOS32,ServletDeleteUser
SMOS32,ServletShowAddressDetails
SMOS32,ServletShowClassroomDetails
SMOS32,ServletShowNoteDetails
SMOS32,ServletShowRegister
SMOS32,ServletShowTeachingDetails
SMOS32,ServletShowUserDetails
SMOS32,ServletShowUserList
SMOS32,ServletShowUserRoleForm
SMOS32,ServletUpdateRegister
SMOS32,ServletUpdateReport
SMOS32,ServletUpdateUser
SMOS32,TestRegister
SMOS32,managerUser
SMOS33,Delay
SMOS33,DeleteAdministratorException
SMOS33,DeleteManagerException
SMOS33,ServletAlterPersonalDate
SMOS33,ServletAssignParentStudent
SMOS33,ServletAssignRole
SMOS33,ServletAssignStudentClassroom
SMOS33,ServletDeleteAddress
SMOS33,ServletDeleteClassroom
SMOS33,ServletDeleteReport
SMOS33,ServletDeleteTeaching
SMOS33,ServletDeleteUser
SMOS33,ServletRemoveStudentClassroom
SMOS33,ServletRemoveTeachingAsTeacher
SMOS33,ServletShowNoteDetails
SMOS33,ServletShowUserDetails
SMOS33,ServletUpdateRegister
SMOS33,ServletUpdateReport
SMOS33,TestRegister
SMOS33,managerUser
SMOS34,Justify
SMOS34,ServletAssignParentStudent
SMOS34,ServletAssignRole
SMOS34,ServletAssignStudentClassroom
SMOS34,ServletInsertJustify
SMOS34,ServletLoadClassByAccademicYear
SMOS34,ServletReportTeachings
SMOS34,ServletShowClassroomDetails
SMOS34,ServletShowClassroomList
SMOS34,ServletShowJustifyDetails
SMOS34,ServletShowJustifyList
SMOS34,ServletShowReports
SMOS34,ServletShowStudentsByClass
SMOS34,ServletShowTeacherTeachingFormByClass
SMOS34,ServletShowTeachingList
SMOS34,ServletShowUserDetails
SMOS34,ServletShowUserList
SMOS34,ServletShowUserRoleForm
SMOS34,ServletUpdateJustify
SMOS34,managerUser
SMOS35,Note
SMOS35,ServletAssignParentStudent
SMOS35,ServletAssignStudentClassroom
SMOS35,ServletDeleteNote
SMOS35,ServletInsertNewNote
SMOS35,ServletLoadClassByAccademicYear
SMOS35,ServletLoadReport
SMOS35,ServletLoadTeachingList
SMOS35,ServletRemoveStudentClassroom
SMOS35,ServletReportTeachings
SMOS35,ServletShowClassroomList
SMOS35,ServletShowNoteDetails
SMOS35,ServletShowNoteList
SMOS35,ServletShowReports
SMOS35,ServletShowStudentsByClass
SMOS35,ServletShowTeacherTeachingFormByClass
SMOS35,ServletShowTeachingList
SMOS35,ServletShowUserList
SMOS35,ServletUpdateReport
SMOS35,managerUser
SMOS36,Absence
SMOS36,DeleteAdministratorException
SMOS36,Justify
SMOS36,ServletDeleteJustify
SMOS36,ServletInsertAddress
SMOS36,ServletInsertClassroom
SMOS36,ServletInsertJustify
SMOS36,ServletInsertNewNote
SMOS36,ServletInsertReport
SMOS36,ServletInsertTeaching
SMOS36,ServletInsertUser
SMOS36,ServletShowJustifyDetails
SMOS36,ServletShowJustifyList
SMOS36,ServletShowRegister
SMOS36,ServletShowUserDetails
SMOS36,ServletShowUserRoleForm
SMOS36,ServletUpdateJustify
SMOS36,ServletUpdateRegister
SMOS36,TestRegister
SMOS36,managerUser
SMOS37,DeleteAdministratorException
SMOS37,Note
SMOS37,ServletAddTeachingAsTeacher
SMOS37,ServletAssignParentStudent
SMOS37,ServletAssignRole
SMOS37,ServletAssignStudentClassroom
SMOS37,ServletDeleteNote
SMOS37,ServletInsertAddress
SMOS37,ServletInsertClassroom
SMOS37,ServletInsertNewNote
SMOS37,ServletInsertReport
SMOS37,ServletInsertTeaching
SMOS37,ServletInsertUser
SMOS37,ServletLoadReport
SMOS37,ServletRemoveStudentClassroom
SMOS37,ServletShowNoteDetails
SMOS37,ServletShowNoteList
SMOS37,ServletUpdateRegister
SMOS37,ServletUpdateReport
SMOS37,managerUser
SMOS38,Justify
SMOS38,ServletAssignParentStudent
SMOS38,ServletAssignRole
SMOS38,ServletDeleteJustify
SMOS38,ServletDeleteUser
SMOS38,ServletInsertJustify
SMOS38,ServletReportTeachings
SMOS38,ServletShowAddressDetails
SMOS38,ServletShowClassroomDetails
SMOS38,ServletShowJustifyDetails
SMOS38,ServletShowJustifyList
SMOS38,ServletShowNoteDetails
SMOS38,ServletShowTeacherTeachingFormByClass
SMOS38,ServletShowTeachingDetails
SMOS38,ServletShowUserDetails
SMOS38,ServletShowUserList
SMOS38,ServletShowUserRoleForm
SMOS38,ServletShowUserTeachingForm
SMOS38,ServletUpdateJustify
SMOS38,managerUser
SMOS39,DeleteAdministratorException
SMOS39,Note
SMOS39,ServletAssignParentStudent
SMOS39,ServletAssignRole
SMOS39,ServletDeleteNote
SMOS39,ServletDeleteUser
SMOS39,ServletInsertNewNote
SMOS39,ServletReportTeachings
SMOS39,ServletShowAddressDetails
SMOS39,ServletShowClassroomDetails
SMOS39,ServletShowNoteDetails
SMOS39,ServletShowNoteList
SMOS39,ServletShowReports
SMOS39,ServletShowTeacherTeachingFormByClass
SMOS39,ServletShowTeachingDetails
SMOS39,ServletShowUserDetails
SMOS39,ServletShowUserList
SMOS39,ServletShowUserRoleForm
SMOS39,ServletShowUserTeachingForm
SMOS39,managerUser
SMOS4,DeleteAdministratorException
SMOS4,LoginException
SMOS4,PermissionException
SMOS4,ServletAlterPersonalDate
SMOS4,ServletAssignParentStudent
SMOS4,ServletAssignRole
SMOS4,ServletDeleteUser
SMOS4,ServletInsertUser
SMOS4,ServletLogin
SMOS4,ServletLogout
SMOS4,ServletShowAddressDetails
SMOS4,ServletShowUserDetails
SMOS4,ServletShowUserList
SMOS4,ServletShowUserRoleForm
SMOS4,ServletShowUserTeachingForm
SMOS4,ServletUpdateRegister
SMOS4,ServletUpdateUser
SMOS4,User
SMOS4,UserListItem
SMOS4,managerUser
SMOS40,DeleteAdministratorException
SMOS40,Justify
SMOS40,ServletAlterPersonalDate
SMOS40,ServletAssignParentStudent
SMOS40,ServletAssignRole
SMOS40,ServletDeleteJustify
SMOS40,ServletDeleteUser
SMOS40,ServletInsertJustify
SMOS40,ServletShowAddressDetails
SMOS40,ServletShowJustifyDetails
SMOS40,ServletShowJustifyList
SMOS40,ServletShowNoteDetails
SMOS40,ServletShowTeachingDetails
SMOS40,ServletShowUserDetails
SMOS40,ServletShowUserList
SMOS40,ServletShowUserRoleForm
SMOS40,ServletUpdateJustify
SMOS40,ServletUpdateReport
SMOS40,ServletUpdateUser
SMOS40,managerUser
SMOS41,DeleteAdministratorException
SMOS41,Note
SMOS41,Role
SMOS41,ServletAlterPersonalDate
SMOS41,ServletAssignParentStudent
SMOS41,ServletAssignRole
SMOS41,ServletAssignStudentClassroom
SMOS41,ServletDeleteNote
SMOS41,ServletDeleteUser
SMOS41,ServletInsertNewNote
SMOS41,ServletInsertReport
SMOS41,ServletRemoveStudentClassroom
SMOS41,ServletShowNoteDetails
SMOS41,ServletShowNoteList
SMOS41,ServletShowTeachingDetails
SMOS41,ServletUpdateRegister
SMOS41,ServletUpdateReport
SMOS41,ServletUpdateTeaching
SMOS41,ServletUpdateUser
SMOS41,managerUser
SMOS42,DeleteAdministratorException
SMOS42,DeleteManagerException
SMOS42,Justify
SMOS42,ServletAssignRole
SMOS42,ServletDeleteAddress
SMOS42,ServletDeleteJustify
SMOS42,ServletDeleteNote
SMOS42,ServletDeleteReport
SMOS42,ServletDeleteTeaching
SMOS42,ServletDeleteUser
SMOS42,ServletInsertJustify
SMOS42,ServletLogout
SMOS42,ServletRemoveStudentClassroom
SMOS42,ServletRemoveTeachingAsTeacher
SMOS42,ServletShowJustifyDetails
SMOS42,ServletShowJustifyList
SMOS42,ServletShowUserDetails
SMOS42,ServletShowUserRoleForm
SMOS42,ServletUpdateJustify
SMOS42,managerUser
SMOS43,DeleteAdministratorException
SMOS43,DeleteManagerException
SMOS43,Note
SMOS43,ServletAssignParentStudent
SMOS43,ServletAssignRole
SMOS43,ServletAssignStudentClassroom
SMOS43,ServletDeleteAddress
SMOS43,ServletDeleteClassroom
SMOS43,ServletDeleteNote
SMOS43,ServletDeleteReport
SMOS43,ServletDeleteTeaching
SMOS43,ServletDeleteUser
SMOS43,ServletInsertNewNote
SMOS43,ServletInsertReport
SMOS43,ServletRemoveStudentClassroom
SMOS43,ServletRemoveTeachingAsTeacher
SMOS43,ServletShowNoteDetails
SMOS43,ServletShowNoteList
SMOS43,ServletUpdateReport
SMOS43,managerUser
SMOS44,DeleteAdministratorException
SMOS44,ServletAddTeachingAsTeacher
SMOS44,ServletAssignParentStudent
SMOS44,ServletAssignStudentClassroom
SMOS44,ServletComputateStatistics
SMOS44,ServletInsertReport
SMOS44,ServletLoadReport
SMOS44,ServletLoadTeachingList
SMOS44,ServletRemoveStudentClassroom
SMOS44,ServletReportTeachings
SMOS44,ServletShowClassroomByAcademicYear
SMOS44,ServletShowClassroomManagement
SMOS44,ServletShowNoteDetails
SMOS44,ServletShowNoteList
SMOS44,ServletShowReports
SMOS44,ServletShowStudentsByClass
SMOS44,ServletShowTeacherTeachingFormByClass
SMOS44,ServletUpdateRegister
SMOS44,ServletUpdateReport
SMOS44,managerUser
SMOS45,ServletAssignParentStudent
SMOS45,ServletAssignStudentClassroom
SMOS45,ServletInsertReport
SMOS45,ServletLoadClassByAccademicYear
SMOS45,ServletLoadReport
SMOS45,ServletLoadTeachingList
SMOS45,ServletLoadYear
SMOS45,ServletRemoveStudentClassroom
SMOS45,ServletReportTeachings
SMOS45,ServletShowClassroomByAcademicYear
SMOS45,ServletShowClassroomDetails
SMOS45,ServletShowClassroomList
SMOS45,ServletShowClassroomManagement
SMOS45,ServletShowReports
SMOS45,ServletShowStudentsByClass
SMOS45,ServletShowTeacherTeachingFormByClass
SMOS45,ServletShowTeachingList
SMOS45,ServletShowUserTeachingForm
SMOS45,ServletUpdateReport
SMOS45,managerUser
SMOS46,Report
SMOS46,ServletAddTeachingAsTeacher
SMOS46,ServletAssignParentStudent
SMOS46,ServletAssignStudentClassroom
SMOS46,ServletDeleteClassroom
SMOS46,ServletInsertClassroom
SMOS46,ServletInsertNewNote
SMOS46,ServletInsertReport
SMOS46,ServletInsertTeaching
SMOS46,ServletInsertUser
SMOS46,ServletLoadReport
SMOS46,ServletLoadTeachingList
SMOS46,ServletRemoveStudentClassroom
SMOS46,ServletRemoveTeachingAsTeacher
SMOS46,ServletReportTeachings
SMOS46,ServletShowClassroomDetails
SMOS46,ServletShowStudentsByClass
SMOS46,ServletShowTeacherTeachingFormByClass
SMOS46,ServletUpdateReport
SMOS46,managerUser
SMOS47,ServletAddTeachingAsTeacher
SMOS47,ServletAlterPersonalDate
SMOS47,ServletAssignParentStudent
SMOS47,ServletAssignStudentClassroom
SMOS47,ServletInsertReport
SMOS47,ServletLoadReport
SMOS47,ServletRemoveStudentClassroom
SMOS47,ServletReportTeachings
SMOS47,ServletShowClassroomDetails
SMOS47,ServletShowClassroomManagement
SMOS47,ServletShowStudentsByClass
SMOS47,ServletShowTeacherTeachingFormByClass
SMOS47,ServletShowTeachingDetails
SMOS47,ServletShowUserRoleForm
SMOS47,ServletShowUserTeachingForm
SMOS47,ServletUpdateRegister
SMOS47,ServletUpdateReport
SMOS47,ServletUpdateTeaching
SMOS47,ServletUpdateUser
SMOS47,managerUser
SMOS48,DeleteAdministratorException
SMOS48,ServletAssignParentStudent
SMOS48,ServletAssignRole
SMOS48,ServletAssignStudentClassroom
SMOS48,ServletDeleteAddress
SMOS48,ServletDeleteClassroom
SMOS48,ServletDeleteNote
SMOS48,ServletDeleteReport
SMOS48,ServletDeleteTeaching
SMOS48,ServletDeleteUser
SMOS48,ServletInsertReport
SMOS48,ServletLoadReport
SMOS48,ServletRemoveStudentClassroom
SMOS48,ServletRemoveTeachingAsTeacher
SMOS48,ServletShowClassroomDetails
SMOS48,ServletShowTeacherTeachingFormByClass
SMOS48,ServletShowUserRoleForm
SMOS48,ServletShowUserTeachingForm
SMOS48,ServletUpdateReport
SMOS48,managerUser
SMOS49,ServletAssignParentStudent
SMOS49,ServletAssignRole
SMOS49,ServletAssignStudentClassroom
SMOS49,ServletLoadClassByAccademicYear
SMOS49,ServletRemoveStudentClassroom
SMOS49,ServletReportTeachings
SMOS49,ServletShowClassroomList
SMOS49,ServletShowClassroomManagement
SMOS49,ServletShowJustifyList
SMOS49,ServletShowNoteList
SMOS49,ServletShowRegister
SMOS49,ServletShowReports
SMOS49,ServletShowStudentsByClass
SMOS49,ServletShowTeacherTeachingFormByClass
SMOS49,ServletShowTeachingList
SMOS49,ServletShowUserDetails
SMOS49,ServletShowUserList
SMOS49,ServletShowUserRoleForm
SMOS49,ServletShowUserTeachingForm
SMOS49,managerUser
SMOS5,DeleteAdministratorException
SMOS5,ServletAlterPersonalDate
SMOS5,ServletAssignRole
SMOS5,ServletDeleteUser
SMOS5,ServletInsertUser
SMOS5,ServletLoadClassByAccademicYear
SMOS5,ServletLoadYear
SMOS5,ServletLogin
SMOS5,ServletLogout
SMOS5,ServletShowAddressList
SMOS5,ServletShowClassroomList
SMOS5,ServletShowClassroomManagement
SMOS5,ServletShowNoteList
SMOS5,ServletShowUserDetails
SMOS5,ServletShowUserList
SMOS5,ServletShowUserRoleForm
SMOS5,ServletShowUserTeachingForm
SMOS5,ServletUpdateUser
SMOS5,UserListItem
SMOS5,managerUser
SMOS50,DeleteAdministratorException
SMOS50,ServletAddTeachingAsTeacher
SMOS50,ServletAssignParentStudent
SMOS50,ServletAssignRole
SMOS50,ServletAssignStudentClassroom
SMOS50,ServletDeleteUser
SMOS50,ServletInsertClassroom
SMOS50,ServletInsertReport
SMOS50,ServletInsertUser
SMOS50,ServletLoadClassByAccademicYear
SMOS50,ServletLoadReport
SMOS50,ServletLogin
SMOS50,ServletRemoveStudentClassroom
SMOS50,ServletShowClassroomManagement
SMOS50,ServletShowRegister
SMOS50,ServletShowStudentsByClass
SMOS50,ServletShowUserTeachingForm
SMOS50,ServletUpdateRegister
SMOS50,ServletUpdateReport
SMOS50,managerUser
SMOS51,DeleteAdministratorException
SMOS51,ServletAssignParentStudent
SMOS51,ServletAssignRole
SMOS51,ServletAssignStudentClassroom
SMOS51,ServletDeleteClassroom
SMOS51,ServletDeleteReport
SMOS51,ServletDeleteTeaching
SMOS51,ServletDeleteUser
SMOS51,ServletInsertReport
SMOS51,ServletLoadReport
SMOS51,ServletLogout
SMOS51,ServletRemoveStudentClassroom
SMOS51,ServletRemoveTeachingAsTeacher
SMOS51,ServletShowClassroomManagement
SMOS51,ServletShowNoteDetails
SMOS51,ServletShowStudentsByClass
SMOS51,ServletShowUserRoleForm
SMOS51,ServletUpdateRegister
SMOS51,ServletUpdateReport
SMOS51,managerUser
SMOS52,DeleteAdministratorException
SMOS52,EntityNotFoundException
SMOS52,ManagerClassroom
SMOS52,ServletAddTeachingAsTeacher
SMOS52,ServletAssignRole
SMOS52,ServletAssignStudentClassroom
SMOS52,ServletDeleteUser
SMOS52,ServletLoadClassByAccademicYear
SMOS52,ServletLoadYear
SMOS52,ServletReportTeachings
SMOS52,ServletShowAddressList
SMOS52,ServletShowClassroomList
SMOS52,ServletShowClassroomManagement
SMOS52,ServletShowNoteList
SMOS52,ServletShowTeacherTeachingFormByClass
SMOS52,ServletShowTeachingList
SMOS52,ServletShowUserDetails
SMOS52,ServletShowUserList
SMOS52,ServletShowUserRoleForm
SMOS52,managerUser
SMOS53,ManagerClassroom
SMOS53,ServletAddTeachingAsTeacher
SMOS53,ServletAssignParentStudent
SMOS53,ServletAssignStudentClassroom
SMOS53,ServletInsertClassroom
SMOS53,ServletLoadClassByAccademicYear
SMOS53,ServletLoadTeachingList
SMOS53,ServletLoadYear
SMOS53,ServletReportTeachings
SMOS53,ServletShowClassroomByAcademicYear
SMOS53,ServletShowClassroomDetails
SMOS53,ServletShowClassroomList
SMOS53,ServletShowClassroomManagement
SMOS53,ServletShowStudentsByClass
SMOS53,ServletShowTeacherTeachingFormByClass
SMOS53,ServletShowTeachingList
SMOS53,ServletShowUserList
SMOS53,ServletShowUserRoleForm
SMOS53,ServletShowUserTeachingForm
SMOS53,managerUser
SMOS54,Absence
SMOS54,ManagerClassroom
SMOS54,ManagerRegister
SMOS54,RegisterLine
SMOS54,ServletAddTeachingAsTeacher
SMOS54,ServletAssignParentStudent
SMOS54,ServletAssignRole
SMOS54,ServletAssignStudentClassroom
SMOS54,ServletInsertAddress
SMOS54,ServletInsertClassroom
SMOS54,ServletInsertJustify
SMOS54,ServletInsertNewNote
SMOS54,ServletInsertReport
SMOS54,ServletInsertTeaching
SMOS54,ServletInsertUser
SMOS54,ServletRemoveStudentClassroom
SMOS54,ServletRemoveTeachingAsTeacher
SMOS54,ServletUpdateRegister
SMOS54,TestRegister
SMOS54,managerUser
SMOS55,Absence
SMOS55,Delay
SMOS55,RegisterLine
SMOS55,ServletAddTeachingAsTeacher
SMOS55,ServletAlterPersonalDate
SMOS55,ServletAssignParentStudent
SMOS55,ServletAssignRole
SMOS55,ServletAssignStudentClassroom
SMOS55,ServletInsertClassroom
SMOS55,ServletInsertJustify
SMOS55,ServletInsertNewNote
SMOS55,ServletInsertReport
SMOS55,ServletInsertTeaching
SMOS55,ServletInsertUser
SMOS55,ServletShowRegister
SMOS55,ServletShowTeacherTeachingFormByClass
SMOS55,ServletUpdateRegister
SMOS55,ServletUpdateReport
SMOS55,TestRegister
SMOS55,managerUser
SMOS56,ManagerClassroom
SMOS56,ServletAddTeachingAsTeacher
SMOS56,ServletAddressTeachings
SMOS56,ServletAssignStudentClassroom
SMOS56,ServletLoadClassByAccademicYear
SMOS56,ServletLoadTeachingList
SMOS56,ServletLoadYear
SMOS56,ServletRemoveTeachingAsTeacher
SMOS56,ServletReportTeachings
SMOS56,ServletShowClassroomByAcademicYear
SMOS56,ServletShowClassroomDetails
SMOS56,ServletShowClassroomList
SMOS56,ServletShowClassroomManagement
SMOS56,ServletShowStudentsByClass
SMOS56,ServletShowTeacherTeachingFormByClass
SMOS56,ServletShowTeachingDetails
SMOS56,ServletShowTeachingList
SMOS56,ServletShowUserList
SMOS56,ServletShowUserTeachingForm
SMOS56,managerUser
SMOS57,RegisterLine
SMOS57,ServletAddTeachingAsTeacher
SMOS57,ServletAssignParentStudent
SMOS57,ServletAssignStudentClassroom
SMOS57,ServletReportTeachings
SMOS57,ServletShowClassroomDetails
SMOS57,ServletShowClassroomList
SMOS57,ServletShowClassroomManagement
SMOS57,ServletShowJustifyList
SMOS57,ServletShowNoteDetails
SMOS57,ServletShowNoteList
SMOS57,ServletShowRegister
SMOS57,ServletShowReports
SMOS57,ServletShowStudentsByClass
SMOS57,ServletShowTeacherTeachingFormByClass
SMOS57,ServletShowTeachingList
SMOS57,ServletShowUserTeachingForm
SMOS57,ServletUpdateRegister
SMOS57,ServletUpdateReport
SMOS57,managerUser
SMOS58,ServletAddTeachingAsTeacher
SMOS58,ServletAssignStudentClassroom
SMOS58,ServletInsertReport
SMOS58,ServletLoadClassByAccademicYear
SMOS58,ServletLoadReport
SMOS58,ServletLoadTeachingList
SMOS58,ServletLoadYear
SMOS58,ServletRemoveTeachingAsTeacher
SMOS58,ServletReportTeachings
SMOS58,ServletShowClassroomByAcademicYear
SMOS58,ServletShowClassroomDetails
SMOS58,ServletShowClassroomList
SMOS58,ServletShowReports
SMOS58,ServletShowStudentsByClass
SMOS58,ServletShowTeacherTeachingFormByClass
SMOS58,ServletShowTeachingDetails
SMOS58,ServletShowTeachingList
SMOS58,ServletShowUserTeachingForm
SMOS58,ServletUpdateReport
SMOS58,managerUser
SMOS59,ServletAssignParentStudent
SMOS59,ServletAssignStudentClassroom
SMOS59,ServletInsertReport
SMOS59,ServletLoadClassByAccademicYear
SMOS59,ServletLoadReport
SMOS59,ServletLoadTeachingList
SMOS59,ServletRemoveStudentClassroom
SMOS59,ServletReportTeachings
SMOS59,ServletShowClassroomByAcademicYear
SMOS59,ServletShowClassroomDetails
SMOS59,ServletShowClassroomList
SMOS59,ServletShowNoteDetails
SMOS59,ServletShowReports
SMOS59,ServletShowStudentsByClass
SMOS59,ServletShowTeacherTeachingFormByClass
SMOS59,ServletShowTeachingList
SMOS59,ServletShowUserDetails
SMOS59,ServletShowUserTeachingForm
SMOS59,ServletUpdateReport
SMOS59,managerUser
SMOS6,DeleteAdministratorException
SMOS6,DeleteManagerException
SMOS6,LoginException
SMOS6,ServletAlterPersonalDate
SMOS6,ServletAssignParentStudent
SMOS6,ServletAssignRole
SMOS6,ServletAssignStudentClassroom
SMOS6,ServletDeleteUser
SMOS6,ServletInsertAddress
SMOS6,ServletInsertNewNote
SMOS6,ServletInsertUser
SMOS6,ServletLogin
SMOS6,ServletShowUserDetails
SMOS6,ServletShowUserList
SMOS6,ServletShowUserRoleForm
SMOS6,ServletShowUserTeachingForm
SMOS6,ServletUpdateUser
SMOS6,User
SMOS6,UserListItem
SMOS6,managerUser
SMOS60,ServletAssignParentStudent
SMOS60,ServletAssignStudentClassroom
SMOS60,ServletInsertReport
SMOS60,ServletLoadClassByAccademicYear
SMOS60,ServletLoadReport
SMOS60,ServletRemoveStudentClassroom
SMOS60,ServletReportTeachings
SMOS60,ServletShowClassroomByAcademicYear
SMOS60,ServletShowClassroomDetails
SMOS60,ServletShowClassroomList
SMOS60,ServletShowClassroomManagement
SMOS60,ServletShowNoteDetails
SMOS60,ServletShowRegister
SMOS60,ServletShowReports
SMOS60,ServletShowStudentsByClass
SMOS60,ServletShowTeacherTeachingFormByClass
SMOS60,ServletShowUserDetails
SMOS60,ServletShowUserTeachingForm
SMOS60,ServletUpdateReport
SMOS60,managerUser
SMOS61,Role
SMOS61,ServletAssignParentStudent
SMOS61,ServletAssignStudentClassroom
SMOS61,ServletInsertReport
SMOS61,ServletLoadReport
SMOS61,ServletRemoveStudentClassroom
SMOS61,ServletReportTeachings
SMOS61,ServletShowClassroomDetails
SMOS61,ServletShowNoteDetails
SMOS61,ServletShowRegister
SMOS61,ServletShowReports
SMOS61,ServletShowStudentsByClass
SMOS61,ServletShowTeacherTeachingFormByClass
SMOS61,ServletShowUserDetails
SMOS61,ServletShowUserList
SMOS61,ServletShowUserRoleForm
SMOS61,ServletShowUserTeachingForm
SMOS61,ServletUpdateReport
SMOS61,User
SMOS61,managerUser
SMOS62,ServletAssignParentStudent
SMOS62,ServletAssignStudentClassroom
SMOS62,ServletInsertReport
SMOS62,ServletLoadClassByAccademicYear
SMOS62,ServletLoadReport
SMOS62,ServletLoadTeachingList
SMOS62,ServletRemoveStudentClassroom
SMOS62,ServletReportTeachings
SMOS62,ServletShowClassroomByAcademicYear
SMOS62,ServletShowClassroomDetails
SMOS62,ServletShowClassroomList
SMOS62,ServletShowNoteDetails
SMOS62,ServletShowReports
SMOS62,ServletShowStudentsByClass
SMOS62,ServletShowTeacherTeachingFormByClass
SMOS62,ServletShowTeachingList
SMOS62,ServletShowUserRoleForm
SMOS62,ServletShowUserTeachingForm
SMOS62,ServletUpdateReport
SMOS62,managerUser
SMOS63,ServletAssignParentStudent
SMOS63,ServletAssignStudentClassroom
SMOS63,ServletDeleteReport
SMOS63,ServletInsertReport
SMOS63,ServletLoadReport
SMOS63,ServletLoadTeachingList
SMOS63,ServletRemoveStudentClassroom
SMOS63,ServletReportTeachings
SMOS63,ServletShowClassroomByAcademicYear
SMOS63,ServletShowClassroomDetails
SMOS63,ServletShowClassroomList
SMOS63,ServletShowClassroomManagement
SMOS63,ServletShowNoteDetails
SMOS63,ServletShowNoteList
SMOS63,ServletShowReports
SMOS63,ServletShowStudentsByClass
SMOS63,ServletShowTeacherTeachingFormByClass
SMOS63,ServletShowUserTeachingForm
SMOS63,ServletUpdateReport
SMOS63,managerUser
SMOS64,ServletAssignParentStudent
SMOS64,ServletComputateStatistics
SMOS64,ServletInsertReport
SMOS64,ServletLoadClassByAccademicYear
SMOS64,ServletLoadYear
SMOS64,ServletReportTeachings
SMOS64,ServletShowClassroomByAcademicYear
SMOS64,ServletShowClassroomDetails
SMOS64,ServletShowClassroomList
SMOS64,ServletShowClassroomManagement
SMOS64,ServletShowJustifyList
SMOS64,ServletShowNoteDetails
SMOS64,ServletShowNoteList
SMOS64,ServletShowRegister
SMOS64,ServletShowReports
SMOS64,ServletShowStudentsByClass
SMOS64,ServletShowTeacherTeachingFormByClass
SMOS64,ServletShowTeachingList
SMOS64,ServletShowUserList
SMOS64,managerUser
SMOS65,RegisterLine
SMOS65,ServletAssignParentStudent
SMOS65,ServletAssignStudentClassroom
SMOS65,ServletLoadClassByAccademicYear
SMOS65,ServletReportTeachings
SMOS65,ServletShowClassroomByAcademicYear
SMOS65,ServletShowClassroomDetails
SMOS65,ServletShowClassroomList
SMOS65,ServletShowClassroomManagement
SMOS65,ServletShowJustifyDetails
SMOS65,ServletShowJustifyList
SMOS65,ServletShowNoteDetails
SMOS65,ServletShowNoteList
SMOS65,ServletShowRegister
SMOS65,ServletShowStudentsByClass
SMOS65,ServletShowTeacherTeachingFormByClass
SMOS65,ServletUpdateRegister
SMOS65,ServletUpdateReport
SMOS65,TestRegister
SMOS65,managerUser
SMOS66,ServletAssignParentStudent
SMOS66,ServletAssignStudentClassroom
SMOS66,ServletInsertReport
SMOS66,ServletLoadClassByAccademicYear
SMOS66,ServletLoadReport
SMOS66,ServletLoadTeachingList
SMOS66,ServletLoadYear
SMOS66,ServletRemoveStudentClassroom
SMOS66,ServletReportTeachings
SMOS66,ServletShowClassroomByAcademicYear
SMOS66,ServletShowClassroomDetails
SMOS66,ServletShowClassroomList
SMOS66,ServletShowClassroomManagement
SMOS66,ServletShowReports
SMOS66,ServletShowStudentsByClass
SMOS66,ServletShowTeacherTeachingFormByClass
SMOS66,ServletShowTeachingList
SMOS66,ServletShowUserTeachingForm
SMOS66,ServletUpdateReport
SMOS66,managerUser
SMOS67,RegisterLine
SMOS67,ServletAssignParentStudent
SMOS67,ServletAssignStudentClassroom
SMOS67,ServletComputateStatistics
SMOS67,ServletInsertJustify
SMOS67,ServletInsertNewNote
SMOS67,ServletInsertReport
SMOS67,ServletInsertUser
SMOS67,ServletLoadReport
SMOS67,ServletLogin
SMOS67,ServletRemoveStudentClassroom
SMOS67,ServletShowClassroomManagement
SMOS67,ServletShowJustifyList
SMOS67,ServletShowNoteDetails
SMOS67,ServletShowNoteList
SMOS67,ServletShowRegister
SMOS67,ServletShowStudentsByClass
SMOS67,ServletUpdateRegister
SMOS67,ServletUpdateReport
SMOS67,managerUser
SMOS7,DeleteAdministratorException
SMOS7,ServletAlterPersonalDate
SMOS7,ServletAssignParentStudent
SMOS7,ServletAssignRole
SMOS7,ServletDeleteUser
SMOS7,ServletInsertUser
SMOS7,ServletLogin
SMOS7,ServletReportTeachings
SMOS7,ServletShowAddressDetails
SMOS7,ServletShowAddressList
SMOS7,ServletShowClassroomDetails
SMOS7,ServletShowNoteDetails
SMOS7,ServletShowUserDetails
SMOS7,ServletShowUserList
SMOS7,ServletShowUserRoleForm
SMOS7,ServletShowUserTeachingForm
SMOS7,ServletUpdateUser
SMOS7,User
SMOS7,UserListItem
SMOS7,managerUser
SMOS8,DeleteAdministratorException
SMOS8,DeleteManagerException
SMOS8,ServletAlterPersonalDate
SMOS8,ServletAssignParentStudent
SMOS8,ServletAssignRole
SMOS8,ServletAssignStudentClassroom
SMOS8,ServletDeleteUser
SMOS8,ServletInsertUser
SMOS8,ServletLogin
SMOS8,ServletRemoveStudentClassroom
SMOS8,ServletShowAddressDetails
SMOS8,ServletShowUserDetails
SMOS8,ServletShowUserList
SMOS8,ServletShowUserRoleForm
SMOS8,ServletShowUserTeachingForm
SMOS8,ServletUpdateReport
SMOS8,ServletUpdateUser
SMOS8,User
SMOS8,UserListItem
SMOS8,managerUser
SMOS9,DeleteAdministratorException
SMOS9,DeleteManagerException
SMOS9,ServletAlterPersonalDate
SMOS9,ServletAssignRole
SMOS9,ServletDeleteAddress
SMOS9,ServletDeleteClassroom
SMOS9,ServletDeleteNote
SMOS9,ServletDeleteReport
SMOS9,ServletDeleteTeaching
SMOS9,ServletDeleteUser
SMOS9,ServletInsertUser
SMOS9,ServletLogout
SMOS9,ServletRemoveStudentClassroom
SMOS9,ServletRemoveTeachingAsTeacher
SMOS9,ServletShowUserDetails
SMOS9,ServletShowUserList
SMOS9,ServletShowUserRoleForm
SMOS9,ServletUpdateUser
SMOS9,UserListItem
SMOS9,managerUser