SMOS1,ManagerRegister
SMOS1,ServletAddTeachingAsTeacher
SMOS1,ServletAlterPersonalDate
SMOS1,ServletAssignParentStudent
SMOS1,ServletAssignRole
SMOS1,ServletAssignStudentClassroom
SMOS1,ServletDeleteAddress
SMOS1,ServletDeleteClassroom
SMOS1,ServletDeleteNote
SMOS1,ServletDeleteReport
SMOS1,ServletDeleteTeaching
SMOS1,ServletInsertClassroom
SMOS1,ServletInsertJustify
SMOS1,ServletInsertNewNote
SMOS1,ServletInsertTeaching
SMOS1,ServletInsertUser
SMOS1,ServletLogin
SMOS1,ServletRemoveStudentClassroom
SMOS1,ServletRemoveTeachingAsTeacher
SMOS1,ServletReportTeachings
SMOS1,ServletShowClassroomByAcademicYear
SMOS1,ServletShowJustifyDetails
SMOS1,ServletShowNoteDetails
SMOS1,ServletShowNoteList
SMOS1,ServletShowTeacherTeachingFormByClass
SMOS1,ServletShowTeachingList
SMOS1,ServletShowUserTeachingForm
SMOS1,ServletUpdateRegister
SMOS1,ServletUpdateTeaching
SMOS1,ServletUpdateUser
SMOS1,User
SMOS1,managerUser
SMOS10,DeleteManagerException
SMOS10,ServletAddTeachingAsTeacher
SMOS10,ServletAssignParentStudent
SMOS10,ServletAssignRole
SMOS10,ServletDeleteAddress
SMOS10,ServletDeleteTeaching
SMOS10,ServletDeleteUser
SMOS10,ServletInsertJustify
SMOS10,ServletInsertTeaching
SMOS10,ServletRemoveStudentClassroom
SMOS10,ServletRemoveTeachingAsTeacher
SMOS10,ServletReportTeachings
SMOS10,ServletShowClassroomByAcademicYear
SMOS10,ServletShowJustifyDetails
SMOS10,ServletShowTeacherTeachingFormByClass
SMOS10,ServletShowTeachingList
SMOS10,ServletShowUserRoleForm
SMOS10,ServletShowUserTeachingForm
SMOS10,ServletUpdateRegister
SMOS10,ServletUpdateTeaching
SMOS10,ServletUpdateUser
SMOS10,managerUser
SMOS11,ManagerAddress
SMOS11,ManagerRegister
SMOS11,ManagerTeaching
SMOS11,ServletAddRemoveTeachingsAsAddress
SMOS11,ServletAddTeachingAsTeacher
SMOS11,ServletAddressTeachings
SMOS11,ServletAssignRole
SMOS11,ServletDeleteTeaching
SMOS11,ServletInsertReport
SMOS11,ServletInsertTeaching
SMOS11,ServletLoadClassByAccademicYear
SMOS11,ServletLoadReport
SMOS11,ServletLoadTeachingList
SMOS11,ServletRemoveTeachingAsTeacher
SMOS11,ServletReportTeachings
SMOS11,ServletShowClassroomByAcademicYear
SMOS11,ServletShowClassroomList
SMOS11,ServletShowReports
SMOS11,ServletShowTeacherTeachingFormByClass
SMOS11,ServletShowTeachingDetails
SMOS11,ServletShowTeachingList
SMOS11,ServletShowUserTeachingForm
SMOS11,ServletUpdateReport
SMOS11,ServletUpdateTeaching
SMOS11,Votes
SMOS12,ConnectionException
SMOS12,ConnectionWrapper
SMOS12,ControlConnection
SMOS12,DeleteAdministratorException
SMOS12,ManagerAddress
SMOS12,ManagerClassroom
SMOS12,ManagerRegister
SMOS12,ServletAddRemoveTeachingsAsAddress
SMOS12,ServletAssignParentStudent
SMOS12,ServletAssignRole
SMOS12,ServletAssignStudentClassroom
SMOS12,ServletComputateStatistics
SMOS12,ServletDeleteAddress
SMOS12,ServletDeleteReport
SMOS12,ServletInsertNewNote
SMOS12,ServletLogin
SMOS12,ServletShowAddressList
SMOS12,ServletShowJustifyList
SMOS12,ServletShowReports
SMOS12,ServletShowStudentsByClass
SMOS12,ServletShowUserList
SMOS12,ServletShowUserRoleForm
SMOS12,ServletShowUserTeachingForm
SMOS12,ServletUpdateRegister
SMOS13,Absence
SMOS13,Classroom
SMOS13,ConnectionException
SMOS13,ConnectionPoolDataSource
SMOS13,ConnectionWrapper
SMOS13,ControlConnection
SMOS13,DBConnection
SMOS13,DefaultException
SMOS13,Delay
SMOS13,DeleteAdministratorException
SMOS13,DeleteManagerException
SMOS13,Environment
SMOS13,Justify
SMOS13,ManagerAddress
SMOS13,ManagerClassroom
SMOS13,ManagerRegister
SMOS13,Note
SMOS13,ServletAddRemoveTeachingsAsAddress
SMOS13,ServletAddTeachingAsTeacher
SMOS13,ServletAssignRole
SMOS13,ServletAssignStudentClassroom
SMOS13,ServletComputateStatistics
SMOS13,ServletDeleteAddress
SMOS13,ServletDeleteJustify
SMOS13,ServletDeleteTeaching
SMOS13,ServletDeleteUser
SMOS13,ServletInitialize
SMOS13,ServletInsertAddress
SMOS13,ServletInsertClassroom
SMOS13,ServletInsertNewNote
SMOS13,ServletInsertReport
SMOS13,ServletLoadClassByAccademicYear
SMOS13,ServletLoadReport
SMOS13,ServletLoadTeachingList
SMOS13,ServletLoadYear
SMOS13,ServletRemoveStudentClassroom
SMOS13,ServletRemoveTeachingAsTeacher
SMOS13,ServletReportTeachings
SMOS13,ServletShowClassroomByAcademicYear
SMOS13,ServletShowClassroomList
SMOS13,ServletShowClassroomManagement
SMOS13,ServletShowJustifyList
SMOS13,ServletShowStudentsByClass
SMOS13,ServletShowTeacherTeachingFormByClass
SMOS13,ServletShowUserDetails
SMOS13,ServletShowUserList
SMOS13,ServletShowUserRoleForm
SMOS13,ServletShowUserTeachingForm
SMOS13,ServletUpdateRegister
SMOS13,ServletUpdateReport
SMOS13,UserTest
SMOS13,Utility
SMOS13,Votes
SMOS14,ManagerClassroom
SMOS14,ManagerTeaching
SMOS14,ManagerVotes
SMOS14,Note
SMOS14,ServletAddRemoveTeachingsAsAddress
SMOS14,ServletAssignRole
SMOS14,ServletAssignStudentClassroom
SMOS14,ServletComputateStatistics
SMOS14,ServletDeleteNote
SMOS14,ServletDeleteReport
SMOS14,ServletInsertClassroom
SMOS14,ServletInsertJustify
SMOS14,ServletInsertNewNote
SMOS14,ServletInsertReport
SMOS14,ServletInsertTeaching
SMOS14,ServletInsertUser
SMOS14,ServletLoadClassByAccademicYear
SMOS14,ServletLoadReport
SMOS14,ServletLoadTeachingList
SMOS14,ServletReportTeachings
SMOS14,ServletShowClassroomByAcademicYear
SMOS14,ServletShowClassroomList
SMOS14,ServletShowJustifyDetails
SMOS14,ServletShowNoteDetails
SMOS14,ServletShowStudentsByClass
SMOS14,ServletShowTeacherTeachingFormByClass
SMOS14,ServletShowTeachingList
SMOS14,ServletShowUserTeachingForm
SMOS14,ServletUpdateReport
SMOS14,ServletUpdateTeaching
SMOS14,Votes
SMOS14,managerUser
SMOS15,Classroom
SMOS15,ConnectionException
SMOS15,ConnectionPoolDataSource
SMOS15,ConnectionWrapper
SMOS15,ControlConnection
SMOS15,DBConnection
SMOS15,ManagerAddress
SMOS15,ManagerClassroom
SMOS15,ManagerRegister
SMOS15,ManagerTeaching
SMOS15,ServletAddRemoveTeachingsAsAddress
SMOS15,ServletAssignRole
SMOS15,ServletAssignStudentClassroom
SMOS15,ServletComputateStatistics
SMOS15,ServletDeleteReport
SMOS15,ServletInsertAddress
SMOS15,ServletInsertClassroom
SMOS15,ServletInsertNewNote
SMOS15,ServletInsertReport
SMOS15,ServletLoadClassByAccademicYear
SMOS15,ServletLoadReport
SMOS15,ServletLoadTeachingList
SMOS15,ServletRemoveStudentClassroom
SMOS15,ServletReportTeachings
SMOS15,ServletShowClassroomByAcademicYear
SMOS15,ServletShowClassroomDetails
SMOS15,ServletShowClassroomList
SMOS15,ServletShowReports
SMOS15,ServletShowStudentsByClass
SMOS15,ServletShowTeacherTeachingFormByClass
SMOS15,ServletShowUserDetails
SMOS15,ServletShowUserRoleForm
SMOS15,ServletShowUserTeachingForm
SMOS15,ServletUpdateJustify
SMOS15,ServletUpdateRegister
SMOS15,ServletUpdateReport
SMOS15,Utility
SMOS16,DeleteAdministratorException
SMOS16,DeleteManagerException
SMOS16,ManagerClassroom
SMOS16,ServletAddRemoveTeachingsAsAddress
SMOS16,ServletAssignRole
SMOS16,ServletAssignStudentClassroom
SMOS16,ServletDeleteClassroom
SMOS16,ServletDeleteReport
SMOS16,ServletDeleteTeaching
SMOS16,ServletDeleteUser
SMOS16,ServletInsertClassroom
SMOS16,ServletInsertReport
SMOS16,ServletLoadReport
SMOS16,ServletLoadTeachingList
SMOS16,ServletRemoveTeachingAsTeacher
SMOS16,ServletReportTeachings
SMOS16,ServletShowClassroomDetails
SMOS16,ServletShowStudentsByClass
SMOS16,ServletUpdateReport
SMOS17,Address
SMOS17,DBConnection
SMOS17,MailUtility
SMOS17,ManagerAddress
SMOS17,ManagerClassroom
SMOS17,ServletAddRemoveTeachingsAsAddress
SMOS17,ServletAddTeachingAsTeacher
SMOS17,ServletAssignParentStudent
SMOS17,ServletAssignStudentClassroom
SMOS17,ServletDeleteAddress
SMOS17,ServletDeleteTeaching
SMOS17,ServletInsertAddress
SMOS17,ServletRemoveStudentClassroom
SMOS17,ServletRemoveTeachingAsTeacher
SMOS17,ServletReportTeachings
SMOS17,ServletShowAddressList
SMOS17,ServletShowClassroomManagement
SMOS17,ServletShowTeacherTeachingFormByClass
SMOS17,ServletShowUserDetails
SMOS17,ServletShowUserList
SMOS17,ServletUpdateRegister
SMOS17,ServletUpdateUser
SMOS18,Address
SMOS18,ManagerAddress
SMOS18,ManagerClassroom
SMOS18,ServletAddRemoveTeachingsAsAddress
SMOS18,ServletAlterPersonalDate
SMOS18,ServletDeleteAddress
SMOS18,ServletDeleteNote
SMOS18,ServletInsertAddress
SMOS18,ServletInsertJustify
SMOS18,ServletInsertNewNote
SMOS18,ServletInsertTeaching
SMOS18,ServletInsertUser
SMOS18,ServletShowAddressDetails
SMOS18,ServletShowClassroomByAcademicYear
SMOS18,ServletShowJustifyDetails
SMOS18,ServletShowNoteDetails
SMOS18,ServletShowNoteList
SMOS18,ServletShowTeachingList
SMOS18,ServletShowUserTeachingForm
SMOS18,ServletUpdateTeaching
SMOS18,managerUser
SMOS19,Address
SMOS19,Classroom
SMOS19,ConnectionException
SMOS19,ConnectionPoolDataSource
SMOS19,ConnectionWrapper
SMOS19,ControlConnection
SMOS19,DBConnection
SMOS19,ManagerAddress
SMOS19,ManagerClassroom
SMOS19,ManagerRegister
SMOS19,ServletAddRemoveTeachingsAsAddress
SMOS19,ServletAddressTeachings
SMOS19,ServletDeleteNote
SMOS19,ServletDeleteReport
SMOS19,ServletInsertAddress
SMOS19,ServletInsertClassroom
SMOS19,ServletInsertNewNote
SMOS19,ServletInsertTeaching
SMOS19,ServletRemoveStudentClassroom
SMOS19,ServletShowAddressDetails
SMOS19,ServletShowAddressList
SMOS19,ServletShowClassroomByAcademicYear
SMOS19,ServletShowClassroomDetails
SMOS19,ServletShowStudentsByClass
SMOS19,ServletShowTeachingList
SMOS19,ServletShowUserDetails
SMOS19,ServletShowUserRoleForm
SMOS19,ServletShowUserTeachingForm
SMOS19,ServletUpdateRegister
SMOS19,ServletUpdateTeaching
SMOS19,UserTest
SMOS19,Utility
SMOS19,managerUser
SMOS2,LoginException
SMOS2,ServletAlterPersonalDate
SMOS2,ServletAssignParentStudent
SMOS2,ServletAssignRole
SMOS2,ServletAssignStudentClassroom
SMOS2,ServletDeleteJustify
SMOS2,ServletDeleteNote
SMOS2,ServletDeleteReport
SMOS2,ServletInsertJustify
SMOS2,ServletInsertNewNote
SMOS2,ServletInsertTeaching
SMOS2,ServletInsertUser
SMOS2,ServletLogin
SMOS2,ServletRemoveStudentClassroom
SMOS2,ServletShowClassroomByAcademicYear
SMOS2,ServletShowJustifyDetails
SMOS2,ServletShowNoteDetails
SMOS2,ServletShowNoteList
SMOS2,ServletShowRegister
SMOS2,ServletShowTeachingList
SMOS2,ServletShowUserRoleForm
SMOS2,ServletShowUserTeachingForm
SMOS2,ServletUpdateTeaching
SMOS2,ServletUpdateUser
SMOS20,DeleteAdministratorException
SMOS20,DeleteManagerException
SMOS20,ManagerAddress
SMOS20,ManagerClassroom
SMOS20,ServletAddRemoveTeachingsAsAddress
SMOS20,ServletAssignRole
SMOS20,ServletDeleteAddress
SMOS20,ServletDeleteReport
SMOS20,ServletDeleteUser
SMOS20,ServletInsertAddress
SMOS20,ServletShowAddressDetails
SMOS20,ServletShowAddressList
SMOS20,ServletShowTeachingList
SMOS21,Address
SMOS21,Classroom
SMOS21,ConnectionWrapper
SMOS21,DBConnection
SMOS21,ManagerAddress
SMOS21,ManagerClassroom
SMOS21,ManagerRegister
SMOS21,ManagerTeaching
SMOS21,ServletAddRemoveTeachingsAsAddress
SMOS21,ServletAddTeachingAsTeacher
SMOS21,ServletAddressTeachings
SMOS21,ServletAssignParentStudent
SMOS21,ServletAssignRole
SMOS21,ServletDeleteReport
SMOS21,ServletDeleteTeaching
SMOS21,ServletInsertAddress
SMOS21,ServletInsertJustify
SMOS21,ServletInsertReport
SMOS21,ServletInsertTeaching
SMOS21,ServletLoadReport
SMOS21,ServletLoadTeachingList
SMOS21,ServletRemoveTeachingAsTeacher
SMOS21,ServletReportTeachings
SMOS21,ServletShowJustifyDetails
SMOS21,ServletShowReports
SMOS21,ServletShowStudentsByClass
SMOS21,ServletShowTeacherTeachingFormByClass
SMOS21,ServletShowTeachingDetails
SMOS21,ServletShowTeachingList
SMOS21,ServletUpdateReport
SMOS21,ServletUpdateTeaching
SMOS22,ManagerTeaching
SMOS22,ServletAddRemoveTeachingsAsAddress
SMOS22,ServletAddressTeachings
SMOS22,ServletAssignRole
SMOS22,ServletInsertReport
SMOS22,ServletLoadReport
SMOS22,ServletLoadTeachingList
SMOS22,ServletReportTeachings
SMOS22,ServletShowReports
SMOS22,ServletShowTeacherTeachingFormByClass
SMOS22,ServletShowTeachingDetails
SMOS22,ServletShowTeachingList
SMOS22,ServletUpdateReport
SMOS22,ServletUpdateTeaching
SMOS23,ManagerAddress
SMOS23,ManagerClassroom
SMOS23,ManagerRegister
SMOS23,ManagerTeaching
SMOS23,ManagerVotes
SMOS23,ServletAddRemoveTeachingsAsAddress
SMOS23,ServletAddTeachingAsTeacher
SMOS23,ServletAddressTeachings
SMOS23,ServletAssignParentStudent
SMOS23,ServletAssignRole
SMOS23,ServletDeleteReport
SMOS23,ServletInsertReport
SMOS23,ServletInsertTeaching
SMOS23,ServletLoadReport
SMOS23,ServletLoadTeachingList
SMOS23,ServletShowReports
SMOS23,ServletShowStudentsByClass
SMOS23,ServletShowTeacherTeachingFormByClass
SMOS23,ServletShowTeachingDetails
SMOS23,ServletShowTeachingList
SMOS23,ServletShowUserTeachingForm
SMOS23,ServletUpdateReport
SMOS23,ServletUpdateTeaching
SMOS23,Teaching
SMOS23,Votes
SMOS23,managerUser
SMOS24,ManagerTeaching
SMOS24,ManagerVotes
SMOS24,ServletAddRemoveTeachingsAsAddress
SMOS24,ServletAddressTeachings
SMOS24,ServletAssignRole
SMOS24,ServletInsertReport
SMOS24,ServletLoadReport
SMOS24,ServletLoadTeachingList
SMOS24,ServletReportTeachings
SMOS24,ServletShowClassroomDetails
SMOS24,ServletShowStudentsByClass
SMOS24,ServletShowTeacherTeachingFormByClass
SMOS24,ServletShowTeachingDetails
SMOS24,ServletShowUserTeachingForm
SMOS24,ServletUpdateReport
SMOS24,ServletUpdateTeaching
SMOS24,Teaching
SMOS25,ManagerRegister
SMOS25,ManagerTeaching
SMOS25,ManagerVotes
SMOS25,ServletAddRemoveTeachingsAsAddress
SMOS25,ServletAddTeachingAsTeacher
SMOS25,ServletAddressTeachings
SMOS25,ServletAssignParentStudent
SMOS25,ServletAssignRole
SMOS25,ServletComputateStatistics
SMOS25,ServletInsertReport
SMOS25,ServletInsertTeaching
SMOS25,ServletLoadReport
SMOS25,ServletLoadTeachingList
SMOS25,ServletRemoveTeachingAsTeacher
SMOS25,ServletShowReports
SMOS25,ServletShowTeacherTeachingFormByClass
SMOS25,ServletShowTeachingDetails
SMOS25,ServletShowTeachingList
SMOS25,ServletShowUserTeachingForm
SMOS25,ServletUpdateReport
SMOS25,ServletUpdateTeaching
SMOS25,Teaching
SMOS26,DeleteAdministratorException
SMOS26,ManagerTeaching
SMOS26,ManagerVotes
SMOS26,ServletAddRemoveTeachingsAsAddress
SMOS26,ServletAddressTeachings
SMOS26,ServletDeleteTeaching
SMOS26,ServletInsertReport
SMOS26,ServletInsertTeaching
SMOS26,ServletLoadReport
SMOS26,ServletLoadTeachingList
SMOS26,ServletRemoveTeachingAsTeacher
SMOS26,ServletShowReports
SMOS26,ServletShowTeacherTeachingFormByClass
SMOS26,ServletShowTeachingDetails
SMOS26,ServletShowTeachingList
SMOS26,ServletUpdateTeaching
SMOS27,Absence
SMOS27,Classroom
SMOS27,Delay
SMOS27,Justify
SMOS27,ManagerClassroom
SMOS27,Note
SMOS27,ServletAddRemoveTeachingsAsAddress
SMOS27,ServletAddressTeachings
SMOS27,ServletAssignRole
SMOS27,ServletAssignStudentClassroom
SMOS27,ServletComputateStatistics
SMOS27,ServletDeleteReport
SMOS27,ServletInsertReport
SMOS27,ServletInsertTeaching
SMOS27,ServletLoadClassByAccademicYear
SMOS27,ServletLoadReport
SMOS27,ServletLoadTeachingList
SMOS27,ServletLoadYear
SMOS27,ServletReportTeachings
SMOS27,ServletShowClassroomByAcademicYear
SMOS27,ServletShowClassroomList
SMOS27,ServletShowClassroomManagement
SMOS27,ServletShowReports
SMOS27,ServletShowStudentsByClass
SMOS27,ServletShowTeacherTeachingFormByClass
SMOS27,ServletShowTeachingList
SMOS27,ServletUpdateRegister
SMOS27,ServletUpdateReport
SMOS27,Votes
SMOS28,Delay
SMOS28,DeleteAdministratorException
SMOS28,ManagerClassroom
SMOS28,ManagerRegister
SMOS28,Note
SMOS28,RegisterLine
SMOS28,ServletAddRemoveTeachingsAsAddress
SMOS28,ServletAlterPersonalDate
SMOS28,ServletAssignStudentClassroom
SMOS28,ServletComputateStatistics
SMOS28,ServletDeleteNote
SMOS28,ServletDeleteReport
SMOS28,ServletDeleteTeaching
SMOS28,ServletInsertJustify
SMOS28,ServletInsertNewNote
SMOS28,ServletInsertReport
SMOS28,ServletInsertTeaching
SMOS28,ServletLoadClassByAccademicYear
SMOS28,ServletLoadReport
SMOS28,ServletLoadTeachingList
SMOS28,ServletReportTeachings
SMOS28,ServletShowClassroomByAcademicYear
SMOS28,ServletShowClassroomDetails
SMOS28,ServletShowJustifyDetails
SMOS28,ServletShowNoteDetails
SMOS28,ServletShowNoteList
SMOS28,ServletShowReports
SMOS28,ServletShowStudentsByClass
SMOS28,ServletShowTeachingList
SMOS28,ServletShowUserDetails
SMOS28,ServletShowUserRoleForm
SMOS28,ServletShowUserTeachingForm
SMOS28,ServletUpdateRegister
SMOS28,ServletUpdateReport
SMOS28,ServletUpdateTeaching
SMOS28,TestRegister
SMOS28,managerUser
SMOS29,Absence
SMOS29,ConnectionException
SMOS29,ConnectionPoolDataSource
SMOS29,ConnectionWrapper
SMOS29,ControlConnection
SMOS29,DBConnection
SMOS29,DefaultException
SMOS29,DeleteAdministratorException
SMOS29,DeleteManagerException
SMOS29,ManagerAddress
SMOS29,ManagerClassroom
SMOS29,ManagerRegister
SMOS29,RegisterLine
SMOS29,ServletAddRemoveTeachingsAsAddress
SMOS29,ServletAddTeachingAsTeacher
SMOS29,ServletAlterPersonalDate
SMOS29,ServletAssignParentStudent
SMOS29,ServletAssignRole
SMOS29,ServletAssignStudentClassroom
SMOS29,ServletComputateStatistics
SMOS29,ServletDeleteAddress
SMOS29,ServletDeleteNote
SMOS29,ServletDeleteReport
SMOS29,ServletDeleteTeaching
SMOS29,ServletDeleteUser
SMOS29,ServletInsertAddress
SMOS29,ServletInsertClassroom
SMOS29,ServletInsertJustify
SMOS29,ServletInsertNewNote
SMOS29,ServletInsertReport
SMOS29,ServletInsertTeaching
SMOS29,ServletLoadClassByAccademicYear
SMOS29,ServletLoadReport
SMOS29,ServletLoadTeachingList
SMOS29,ServletLoadYear
SMOS29,ServletRemoveStudentClassroom
SMOS29,ServletRemoveTeachingAsTeacher
SMOS29,ServletReportTeachings
SMOS29,ServletShowAddressList
SMOS29,ServletShowClassroomByAcademicYear
SMOS29,ServletShowClassroomManagement
SMOS29,ServletShowJustifyDetails
SMOS29,ServletShowJustifyList
SMOS29,ServletShowNoteDetails
SMOS29,ServletShowRegister
SMOS29,ServletShowReports
SMOS29,ServletShowStudentsByClass
SMOS29,ServletShowTeacherTeachingFormByClass
SMOS29,ServletShowTeachingList
SMOS29,ServletShowUserDetails
SMOS29,ServletShowUserList
SMOS29,ServletShowUserRoleForm
SMOS29,ServletShowUserTeachingForm
SMOS29,ServletUpdateJustify
SMOS29,ServletUpdateRegister
SMOS29,ServletUpdateReport
SMOS29,ServletUpdateTeaching
SMOS29,ServletUpdateUser
SMOS29,TestRegister
SMOS29,Utility
SMOS29,managerUser
SMOS3,ServletAlterPersonalDate
SMOS3,ServletAssignParentStudent
SMOS3,ServletDeleteNote
SMOS3,ServletDeleteReport
SMOS3,ServletInsertNewNote
SMOS3,ServletInsertTeaching
SMOS3,ServletLogin
SMOS3,ServletLogout
SMOS3,ServletRemoveStudentClassroom
SMOS3,ServletShowClassroomByAcademicYear
SMOS3,ServletShowNoteDetails
SMOS3,ServletShowNoteList
SMOS3,ServletShowTeachingList
SMOS3,ServletShowUserRoleForm
SMOS3,ServletShowUserTeachingForm
SMOS3,ServletUpdateRegister
SMOS3,ServletUpdateTeaching
SMOS3,ServletUpdateUser
SMOS3,managerUser
SMOS30,ConnectionException
SMOS30,ConnectionPoolDataSource
SMOS30,ConnectionWrapper
SMOS30,ControlConnection
SMOS30,DBConnection
SMOS30,DefaultException
SMOS30,Delay
SMOS30,DeleteAdministratorException
SMOS30,DeleteManagerException
SMOS30,ManagerAddress
SMOS30,ManagerClassroom
SMOS30,ManagerRegister
SMOS30,RegisterLine
SMOS30,ServletAddRemoveTeachingsAsAddress
SMOS30,ServletAddTeachingAsTeacher
SMOS30,ServletAlterPersonalDate
SMOS30,ServletAssignParentStudent
SMOS30,ServletAssignRole
SMOS30,ServletAssignStudentClassroom
SMOS30,ServletComputateStatistics
SMOS30,ServletDeleteAddress
SMOS30,ServletDeleteNote
SMOS30,ServletDeleteReport
SMOS30,ServletDeleteTeaching
SMOS30,ServletDeleteUser
SMOS30,ServletInsertAddress
SMOS30,ServletInsertClassroom
SMOS30,ServletInsertJustify
SMOS30,ServletInsertNewNote
SMOS30,ServletInsertReport
SMOS30,ServletInsertTeaching
SMOS30,ServletLoadClassByAccademicYear
SMOS30,ServletLoadReport
SMOS30,ServletLoadTeachingList
SMOS30,ServletLoadYear
SMOS30,ServletLogin
SMOS30,ServletRemoveStudentClassroom
SMOS30,ServletRemoveTeachingAsTeacher
SMOS30,ServletReportTeachings
SMOS30,ServletShowAddressList
SMOS30,ServletShowClassroomByAcademicYear
SMOS30,ServletShowClassroomManagement
SMOS30,ServletShowJustifyDetails
SMOS30,ServletShowJustifyList
SMOS30,ServletShowNoteDetails
SMOS30,ServletShowRegister
SMOS30,ServletShowReports
SMOS30,ServletShowStudentsByClass
SMOS30,ServletShowTeacherTeachingFormByClass
SMOS30,ServletShowTeachingList
SMOS30,ServletShowUserDetails
SMOS30,ServletShowUserList
SMOS30,ServletShowUserRoleForm
SMOS30,ServletShowUserTeachingForm
SMOS30,ServletUpdateJustify
SMOS30,ServletUpdateRegister
SMOS30,ServletUpdateReport
SMOS30,ServletUpdateTeaching
SMOS30,TestRegister
SMOS30,Utility
SMOS30,managerUser
SMOS31,Absence
SMOS31,ConnectionException
SMOS31,ConnectionPoolDataSource
SMOS31,ConnectionWrapper
SMOS31,ControlConnection
SMOS31,DBConnection
SMOS31,Justify
SMOS31,ManagerClassroom
SMOS31,ManagerRegister
SMOS31,RegisterLine
SMOS31,ServletAddRemoveTeachingsAsAddress
SMOS31,ServletAddTeachingAsTeacher
SMOS31,ServletAlterPersonalDate
SMOS31,ServletAssignParentStudent
SMOS31,ServletAssignRole
SMOS31,ServletAssignStudentClassroom
SMOS31,ServletComputateStatistics
SMOS31,ServletDeleteAddress
SMOS31,ServletDeleteNote
SMOS31,ServletInsertJustify
SMOS31,ServletInsertNewNote
SMOS31,ServletInsertTeaching
SMOS31,ServletLoadClassByAccademicYear
SMOS31,ServletLoadReport
SMOS31,ServletLoadYear
SMOS31,ServletRemoveTeachingAsTeacher
SMOS31,ServletReportTeachings
SMOS31,ServletShowClassroomByAcademicYear
SMOS31,ServletShowClassroomManagement
SMOS31,ServletShowJustifyDetails
SMOS31,ServletShowJustifyList
SMOS31,ServletShowNoteDetails
SMOS31,ServletShowRegister
SMOS31,ServletShowStudentsByClass
SMOS31,ServletShowTeacherTeachingFormByClass
SMOS31,ServletShowTeachingList
SMOS31,ServletShowUserRoleForm
SMOS31,ServletShowUserTeachingForm
SMOS31,ServletUpdateJustify
SMOS31,ServletUpdateRegister
SMOS31,ServletUpdateReport
SMOS31,ServletUpdateTeaching
SMOS31,ServletUpdateUser
SMOS31,TestRegister
SMOS31,Utility
SMOS31,managerUser
SMOS32,ConnectionException
SMOS32,ConnectionPoolDataSource
SMOS32,ConnectionWrapper
SMOS32,ControlConnection
SMOS32,DBConnection
SMOS32,Delay
SMOS32,ManagerClassroom
SMOS32,ManagerRegister
SMOS32,RegisterLine
SMOS32,ServletAddTeachingAsTeacher
SMOS32,ServletAlterPersonalDate
SMOS32,ServletAssignParentStudent
SMOS32,ServletAssignRole
SMOS32,ServletAssignStudentClassroom
SMOS32,ServletComputateStatistics
SMOS32,ServletDeleteAddress
SMOS32,ServletDeleteNote
SMOS32,ServletInsertJustify
SMOS32,ServletInsertNewNote
SMOS32,ServletInsertTeaching
SMOS32,ServletLoadClassByAccademicYear
SMOS32,ServletLoadReport
SMOS32,ServletLoadYear
SMOS32,ServletRemoveTeachingAsTeacher
SMOS32,ServletReportTeachings
SMOS32,ServletShowClassroomByAcademicYear
SMOS32,ServletShowJustifyDetails
SMOS32,ServletShowJustifyList
SMOS32,ServletShowNoteDetails
SMOS32,ServletShowRegister
SMOS32,ServletShowTeacherTeachingFormByClass
SMOS32,ServletShowTeachingList
SMOS32,ServletUpdateJustify
SMOS32,ServletUpdateRegister
SMOS32,ServletUpdateReport
SMOS32,ServletUpdateTeaching
SMOS32,ServletUpdateUser
SMOS32,TestRegister
SMOS32,Utility
SMOS32,managerUser
SMOS33,Absence
SMOS33,ConnectionException
SMOS33,ConnectionPoolDataSource
SMOS33,ConnectionWrapper
SMOS33,ControlConnection
SMOS33,DBConnection
SMOS33,Delay
SMOS33,DeleteAdministratorException
SMOS33,DeleteManagerException
SMOS33,ManagerClassroom
SMOS33,ManagerRegister
SMOS33,RegisterLine
SMOS33,ServletAddRemoveTeachingsAsAddress
SMOS33,ServletAddTeachingAsTeacher
SMOS33,ServletAlterPersonalDate
SMOS33,ServletAssignParentStudent
SMOS33,ServletAssignRole
SMOS33,ServletAssignStudentClassroom
SMOS33,ServletComputateStatistics
SMOS33,ServletDeleteAddress
SMOS33,ServletDeleteNote
SMOS33,ServletDeleteReport
SMOS33,ServletDeleteUser
SMOS33,ServletInsertJustify
SMOS33,ServletInsertNewNote
SMOS33,ServletInsertReport
SMOS33,ServletInsertTeaching
SMOS33,ServletLoadClassByAccademicYear
SMOS33,ServletLoadReport
SMOS33,ServletLoadTeachingList
SMOS33,ServletLoadYear
SMOS33,ServletRemoveTeachingAsTeacher
SMOS33,ServletReportTeachings
SMOS33,ServletShowClassroomByAcademicYear
SMOS33,ServletShowJustifyDetails
SMOS33,ServletShowJustifyList
SMOS33,ServletShowNoteDetails
SMOS33,ServletShowReports
SMOS33,ServletShowTeacherTeachingFormByClass
SMOS33,ServletShowTeachingList
SMOS33,ServletUpdateJustify
SMOS33,ServletUpdateRegister
SMOS33,ServletUpdateReport
SMOS33,ServletUpdateTeaching
SMOS33,TestRegister
SMOS33,Utility
SMOS33,managerUser
SMOS34,ManagerRegister
SMOS34,RegisterLine
SMOS34,ServletAddRemoveTeachingsAsAddress
SMOS34,ServletAddTeachingAsTeacher
SMOS34,ServletAddressTeachings
SMOS34,ServletAssignParentStudent
SMOS34,ServletAssignRole
SMOS34,ServletAssignStudentClassroom
SMOS34,ServletComputateStatistics
SMOS34,ServletDeleteReport
SMOS34,ServletDeleteTeaching
SMOS34,ServletInsertJustify
SMOS34,ServletInsertReport
SMOS34,ServletLoadClassByAccademicYear
SMOS34,ServletLoadReport
SMOS34,ServletLoadTeachingList
SMOS34,ServletRemoveStudentClassroom
SMOS34,ServletRemoveTeachingAsTeacher
SMOS34,ServletReportTeachings
SMOS34,ServletShowReports
SMOS34,ServletUpdateRegister
SMOS34,ServletUpdateReport
SMOS34,ServletUpdateUser
SMOS34,TestRegister
SMOS35,ManagerRegister
SMOS35,Note
SMOS35,ServletAddRemoveTeachingsAsAddress
SMOS35,ServletAssignRole
SMOS35,ServletAssignStudentClassroom
SMOS35,ServletComputateStatistics
SMOS35,ServletDeleteNote
SMOS35,ServletDeleteReport
SMOS35,ServletInsertReport
SMOS35,ServletLoadClassByAccademicYear
SMOS35,ServletLoadReport
SMOS35,ServletLoadTeachingList
SMOS35,ServletReportTeachings
SMOS35,ServletShowNoteList
SMOS35,ServletShowReports
SMOS35,ServletShowStudentsByClass
SMOS35,ServletUpdateRegister
SMOS35,ServletUpdateReport
SMOS35,TestRegister
SMOS36,Absence
SMOS36,ConnectionException
SMOS36,ConnectionWrapper
SMOS36,ControlConnection
SMOS36,DBConnection
SMOS36,Justify
SMOS36,ManagerRegister
SMOS36,ServletAddRemoveTeachingsAsAddress
SMOS36,ServletAddTeachingAsTeacher
SMOS36,ServletAlterPersonalDate
SMOS36,ServletAssignParentStudent
SMOS36,ServletAssignStudentClassroom
SMOS36,ServletDeleteAddress
SMOS36,ServletDeleteJustify
SMOS36,ServletDeleteNote
SMOS36,ServletInsertJustify
SMOS36,ServletInsertNewNote
SMOS36,ServletInsertTeaching
SMOS36,ServletLoadYear
SMOS36,ServletLogin
SMOS36,ServletRemoveStudentClassroom
SMOS36,ServletRemoveTeachingAsTeacher
SMOS36,ServletReportTeachings
SMOS36,ServletShowClassroomByAcademicYear
SMOS36,ServletShowClassroomManagement
SMOS36,ServletShowJustifyDetails
SMOS36,ServletShowJustifyList
SMOS36,ServletShowNoteDetails
SMOS36,ServletShowNoteList
SMOS36,ServletShowTeacherTeachingFormByClass
SMOS36,ServletShowTeachingList
SMOS36,ServletShowUserList
SMOS36,ServletUpdateJustify
SMOS36,ServletUpdateRegister
SMOS36,ServletUpdateTeaching
SMOS36,ServletUpdateUser
SMOS36,TestRegister
SMOS36,managerUser
SMOS37,ConnectionException
SMOS37,ConnectionWrapper
SMOS37,ControlConnection
SMOS37,ManagerAddress
SMOS37,ManagerClassroom
SMOS37,ManagerRegister
SMOS37,Note
SMOS37,ServletAddRemoveTeachingsAsAddress
SMOS37,ServletAlterPersonalDate
SMOS37,ServletAssignParentStudent
SMOS37,ServletAssignRole
SMOS37,ServletAssignStudentClassroom
SMOS37,ServletComputateStatistics
SMOS37,ServletDeleteAddress
SMOS37,ServletDeleteNote
SMOS37,ServletDeleteReport
SMOS37,ServletInsertJustify
SMOS37,ServletInsertNewNote
SMOS37,ServletInsertReport
SMOS37,ServletInsertTeaching
SMOS37,ServletLogin
SMOS37,ServletRemoveStudentClassroom
SMOS37,ServletShowAddressList
SMOS37,ServletShowClassroomByAcademicYear
SMOS37,ServletShowClassroomManagement
SMOS37,ServletShowJustifyDetails
SMOS37,ServletShowJustifyList
SMOS37,ServletShowNoteDetails
SMOS37,ServletShowNoteList
SMOS37,ServletShowTeachingList
SMOS37,ServletShowUserList
SMOS37,ServletShowUserRoleForm
SMOS37,ServletShowUserTeachingForm
SMOS37,ServletUpdateRegister
SMOS37,ServletUpdateReport
SMOS37,ServletUpdateTeaching
SMOS37,ServletUpdateUser
SMOS37,TestRegister
SMOS37,managerUser
SMOS38,Absence
SMOS38,ConnectionException
SMOS38,ConnectionWrapper
SMOS38,ControlConnection
SMOS38,Justify
SMOS38,ManagerAddress
SMOS38,ManagerClassroom
SMOS38,ManagerRegister
SMOS38,ServletAddRemoveTeachingsAsAddress
SMOS38,ServletAddTeachingAsTeacher
SMOS38,ServletAssignParentStudent
SMOS38,ServletAssignStudentClassroom
SMOS38,ServletComputateStatistics
SMOS38,ServletDeleteAddress
SMOS38,ServletDeleteJustify
SMOS38,ServletDeleteReport
SMOS38,ServletDeleteTeaching
SMOS38,ServletInsertJustify
SMOS38,ServletInsertNewNote
SMOS38,ServletLoadClassByAccademicYear
SMOS38,ServletLogin
SMOS38,ServletRemoveStudentClassroom
SMOS38,ServletRemoveTeachingAsTeacher
SMOS38,ServletShowAddressList
SMOS38,ServletShowJustifyList
SMOS38,ServletShowUserList
SMOS38,ServletShowUserRoleForm
SMOS38,ServletShowUserTeachingForm
SMOS38,ServletUpdateJustify
SMOS38,ServletUpdateRegister
SMOS38,ServletUpdateUser
SMOS38,TestRegister
SMOS38,managerUser
SMOS39,ConnectionException
SMOS39,ConnectionWrapper
SMOS39,ControlConnection
SMOS39,ManagerAddress
SMOS39,ManagerClassroom
SMOS39,ManagerRegister
SMOS39,Note
SMOS39,ServletAddRemoveTeachingsAsAddress
SMOS39,ServletAddTeachingAsTeacher
SMOS39,ServletAssignParentStudent
SMOS39,ServletAssignRole
SMOS39,ServletAssignStudentClassroom
SMOS39,ServletComputateStatistics
SMOS39,ServletDeleteAddress
SMOS39,ServletDeleteClassroom
SMOS39,ServletDeleteNote
SMOS39,ServletDeleteReport
SMOS39,ServletDeleteTeaching
SMOS39,ServletInsertClassroom
SMOS39,ServletInsertNewNote
SMOS39,ServletInsertReport
SMOS39,ServletInsertUser
SMOS39,ServletLogin
SMOS39,ServletRemoveStudentClassroom
SMOS39,ServletRemoveTeachingAsTeacher
SMOS39,ServletReportTeachings
SMOS39,ServletShowAddressDetails
SMOS39,ServletShowAddressList
SMOS39,ServletShowJustifyList
SMOS39,ServletShowNoteDetails
SMOS39,ServletShowTeacherTeachingFormByClass
SMOS39,ServletShowUserDetails
SMOS39,ServletShowUserList
SMOS39,ServletShowUserRoleForm
SMOS39,ServletShowUserTeachingForm
SMOS39,ServletUpdateRegister
SMOS39,ServletUpdateReport
SMOS39,ServletUpdateUser
SMOS39,TestRegister
SMOS4,LoginException
SMOS4,ServletAlterPersonalDate
SMOS4,ServletAssignParentStudent
SMOS4,ServletDeleteNote
SMOS4,ServletInsertJustify
SMOS4,ServletInsertNewNote
SMOS4,ServletInsertTeaching
SMOS4,ServletInsertUser
SMOS4,ServletLogin
SMOS4,ServletShowClassroomByAcademicYear
SMOS4,ServletShowJustifyDetails
SMOS4,ServletShowNoteDetails
SMOS4,ServletShowNoteList
SMOS4,ServletShowTeachingList
SMOS4,ServletShowUserRoleForm
SMOS4,ServletShowUserTeachingForm
SMOS4,ServletUpdateTeaching
SMOS4,ServletUpdateUser
SMOS4,User
SMOS4,managerUser
SMOS40,Absence
SMOS40,ConnectionException
SMOS40,ConnectionWrapper
SMOS40,ControlConnection
SMOS40,Justify
SMOS40,ManagerAddress
SMOS40,ManagerClassroom
SMOS40,ManagerRegister
SMOS40,ServletAddTeachingAsTeacher
SMOS40,ServletAlterPersonalDate
SMOS40,ServletAssignParentStudent
SMOS40,ServletAssignRole
SMOS40,ServletAssignStudentClassroom
SMOS40,ServletComputateStatistics
SMOS40,ServletDeleteAddress
SMOS40,ServletDeleteJustify
SMOS40,ServletDeleteNote
SMOS40,ServletDeleteTeaching
SMOS40,ServletDeleteUser
SMOS40,ServletInsertJustify
SMOS40,ServletInsertNewNote
SMOS40,ServletInsertTeaching
SMOS40,ServletLogin
SMOS40,ServletRemoveStudentClassroom
SMOS40,ServletRemoveTeachingAsTeacher
SMOS40,ServletReportTeachings
SMOS40,ServletShowAddressList
SMOS40,ServletShowClassroomByAcademicYear
SMOS40,ServletShowClassroomManagement
SMOS40,ServletShowJustifyDetails
SMOS40,ServletShowJustifyList
SMOS40,ServletShowNoteDetails
SMOS40,ServletShowNoteList
SMOS40,ServletShowTeacherTeachingFormByClass
SMOS40,ServletShowTeachingList
SMOS40,ServletShowUserList
SMOS40,ServletShowUserRoleForm
SMOS40,ServletShowUserTeachingForm
SMOS40,ServletUpdateJustify
SMOS40,ServletUpdateRegister
SMOS40,ServletUpdateTeaching
SMOS40,ServletUpdateUser
SMOS40,TestRegister
SMOS40,managerUser
SMOS41,ConnectionException
SMOS41,ConnectionWrapper
SMOS41,ControlConnection
SMOS41,DBConnection
SMOS41,ManagerRegister
SMOS41,ManagerVotes
SMOS41,Note
SMOS41,ServletAddRemoveTeachingsAsAddress
SMOS41,ServletAddTeachingAsTeacher
SMOS41,ServletAlterPersonalDate
SMOS41,ServletAssignParentStudent
SMOS41,ServletAssignRole
SMOS41,ServletAssignStudentClassroom
SMOS41,ServletDeleteAddress
SMOS41,ServletDeleteNote
SMOS41,ServletDeleteReport
SMOS41,ServletDeleteTeaching
SMOS41,ServletInsertJustify
SMOS41,ServletInsertNewNote
SMOS41,ServletInsertReport
SMOS41,ServletInsertTeaching
SMOS41,ServletLoadClassByAccademicYear
SMOS41,ServletLoadReport
SMOS41,ServletLoadTeachingList
SMOS41,ServletLoadYear
SMOS41,ServletLogin
SMOS41,ServletRemoveStudentClassroom
SMOS41,ServletRemoveTeachingAsTeacher
SMOS41,ServletReportTeachings
SMOS41,ServletShowClassroomByAcademicYear
SMOS41,ServletShowClassroomManagement
SMOS41,ServletShowJustifyDetails
SMOS41,ServletShowJustifyList
SMOS41,ServletShowNoteDetails
SMOS41,ServletShowNoteList
SMOS41,ServletShowTeacherTeachingFormByClass
SMOS41,ServletShowTeachingDetails
SMOS41,ServletShowTeachingList
SMOS41,ServletShowUserList
SMOS41,ServletUpdateRegister
SMOS41,ServletUpdateReport
SMOS41,ServletUpdateTeaching
SMOS41,ServletUpdateUser
SMOS41,TestRegister
SMOS41,managerUser
SMOS42,Absence
SMOS42,ConnectionException
SMOS42,ConnectionWrapper
SMOS42,ControlConnection
SMOS42,DBConnection
SMOS42,DeleteAdministratorException
SMOS42,DeleteManagerException
SMOS42,Justify
SMOS42,ManagerRegister
SMOS42,ManagerVotes
SMOS42,ServletAddTeachingAsTeacher
SMOS42,ServletAlterPersonalDate
SMOS42,ServletAssignParentStudent
SMOS42,ServletAssignRole
SMOS42,ServletAssignStudentClassroom
SMOS42,ServletDeleteAddress
SMOS42,ServletDeleteJustify
SMOS42,ServletDeleteNote
SMOS42,ServletDeleteUser
SMOS42,ServletInsertJustify
SMOS42,ServletInsertNewNote
SMOS42,ServletInsertTeaching
SMOS42,ServletLoadYear
SMOS42,ServletLogin
SMOS42,ServletRemoveStudentClassroom
SMOS42,ServletRemoveTeachingAsTeacher
SMOS42,ServletReportTeachings
SMOS42,ServletShowClassroomByAcademicYear
SMOS42,ServletShowClassroomManagement
SMOS42,ServletShowJustifyDetails
SMOS42,ServletShowJustifyList
SMOS42,ServletShowNoteDetails
SMOS42,ServletShowNoteList
SMOS42,ServletShowTeacherTeachingFormByClass
SMOS42,ServletShowTeachingList
SMOS42,ServletShowUserList
SMOS42,ServletShowUserTeachingForm
SMOS42,ServletUpdateJustify
SMOS42,ServletUpdateRegister
SMOS42,ServletUpdateTeaching
SMOS42,ServletUpdateUser
SMOS42,TestRegister
SMOS42,managerUser
SMOS43,ConnectionException
SMOS43,ConnectionWrapper
SMOS43,ControlConnection
SMOS43,DBConnection
SMOS43,DeleteAdministratorException
SMOS43,DeleteManagerException
SMOS43,ManagerRegister
SMOS43,ServletAddRemoveTeachingsAsAddress
SMOS43,ServletAddTeachingAsTeacher
SMOS43,ServletAlterPersonalDate
SMOS43,ServletAssignParentStudent
SMOS43,ServletAssignRole
SMOS43,ServletAssignStudentClassroom
SMOS43,ServletDeleteAddress
SMOS43,ServletDeleteJustify
SMOS43,ServletDeleteNote
SMOS43,ServletDeleteReport
SMOS43,ServletDeleteTeaching
SMOS43,ServletDeleteUser
SMOS43,ServletInsertJustify
SMOS43,ServletInsertNewNote
SMOS43,ServletInsertReport
SMOS43,ServletInsertTeaching
SMOS43,ServletLoadClassByAccademicYear
SMOS43,ServletLoadReport
SMOS43,ServletLoadTeachingList
SMOS43,ServletLoadYear
SMOS43,ServletLogin
SMOS43,ServletRemoveStudentClassroom
SMOS43,ServletRemoveTeachingAsTeacher
SMOS43,ServletReportTeachings
SMOS43,ServletShowClassroomByAcademicYear
SMOS43,ServletShowClassroomManagement
SMOS43,ServletShowJustifyDetails
SMOS43,ServletShowJustifyList
SMOS43,ServletShowNoteDetails
SMOS43,ServletShowNoteList
SMOS43,ServletShowReports
SMOS43,ServletShowTeacherTeachingFormByClass
SMOS43,ServletShowTeachingList
SMOS43,ServletShowUserList
SMOS43,ServletUpdateRegister
SMOS43,ServletUpdateReport
SMOS43,ServletUpdateTeaching
SMOS43,ServletUpdateUser
SMOS43,TestRegister
SMOS43,managerUser
SMOS44,Absence
SMOS44,ConnectionException
SMOS44,ConnectionPoolDataSource
SMOS44,ConnectionWrapper
SMOS44,ControlConnection
SMOS44,DBConnection
SMOS44,DefaultException
SMOS44,ManagerAddress
SMOS44,ManagerClassroom
SMOS44,ManagerRegister
SMOS44,ManagerTeaching
SMOS44,ManagerVotes
SMOS44,Note
SMOS44,RegisterLine
SMOS44,ServletAddRemoveTeachingsAsAddress
SMOS44,ServletAlterPersonalDate
SMOS44,ServletAssignRole
SMOS44,ServletDeleteReport
SMOS44,ServletInsertAddress
SMOS44,ServletInsertClassroom
SMOS44,ServletInsertJustify
SMOS44,ServletInsertNewNote
SMOS44,ServletInsertReport
SMOS44,ServletLoadClassByAccademicYear
SMOS44,ServletLoadReport
SMOS44,ServletLoadTeachingList
SMOS44,ServletRemoveStudentClassroom
SMOS44,ServletShowAddressList
SMOS44,ServletShowReports
SMOS44,ServletShowStudentsByClass
SMOS44,ServletShowUserDetails
SMOS44,ServletShowUserRoleForm
SMOS44,ServletShowUserTeachingForm
SMOS44,ServletUpdateRegister
SMOS44,ServletUpdateReport
SMOS44,TestRegister
SMOS44,Utility
SMOS44,managerUser
SMOS45,Classroom
SMOS45,ManagerClassroom
SMOS45,ManagerTeaching
SMOS45,ManagerVotes
SMOS45,Note
SMOS45,Report
SMOS45,ServletAddRemoveTeachingsAsAddress
SMOS45,ServletAssignParentStudent
SMOS45,ServletAssignRole
SMOS45,ServletAssignStudentClassroom
SMOS45,ServletComputateStatistics
SMOS45,ServletDeleteReport
SMOS45,ServletDeleteTeaching
SMOS45,ServletInsertReport
SMOS45,ServletInsertTeaching
SMOS45,ServletLoadClassByAccademicYear
SMOS45,ServletLoadReport
SMOS45,ServletLoadTeachingList
SMOS45,ServletReportTeachings
SMOS45,ServletShowClassroomByAcademicYear
SMOS45,ServletShowClassroomList
SMOS45,ServletShowReports
SMOS45,ServletShowStudentsByClass
SMOS45,ServletShowTeacherTeachingFormByClass
SMOS45,ServletShowTeachingDetails
SMOS45,ServletShowTeachingList
SMOS45,ServletShowUserTeachingForm
SMOS45,ServletUpdateRegister
SMOS45,ServletUpdateReport
SMOS45,ServletUpdateTeaching
SMOS45,Votes
SMOS46,ConnectionException
SMOS46,ConnectionWrapper
SMOS46,ControlConnection
SMOS46,ManagerAddress
SMOS46,ManagerClassroom
SMOS46,ManagerRegister
SMOS46,ManagerTeaching
SMOS46,ManagerVotes
SMOS46,Note
SMOS46,Report
SMOS46,ServletAddRemoveTeachingsAsAddress
SMOS46,ServletAssignRole
SMOS46,ServletAssignStudentClassroom
SMOS46,ServletComputateStatistics
SMOS46,ServletDeleteReport
SMOS46,ServletInsertNewNote
SMOS46,ServletInsertReport
SMOS46,ServletLoadClassByAccademicYear
SMOS46,ServletLoadReport
SMOS46,ServletLoadTeachingList
SMOS46,ServletLogin
SMOS46,ServletReportTeachings
SMOS46,ServletShowClassroomByAcademicYear
SMOS46,ServletShowClassroomList
SMOS46,ServletShowRegister
SMOS46,ServletShowReports
SMOS46,ServletShowStudentsByClass
SMOS46,ServletShowTeacherTeachingFormByClass
SMOS46,ServletShowTeachingDetails
SMOS46,ServletShowUserList
SMOS46,ServletShowUserRoleForm
SMOS46,ServletShowUserTeachingForm
SMOS46,ServletUpdateRegister
SMOS46,ServletUpdateReport
SMOS46,Votes
SMOS46,managerUser
SMOS47,Report
SMOS47,ServletAddRemoveTeachingsAsAddress
SMOS47,ServletAssignParentStudent
SMOS47,ServletAssignRole
SMOS47,ServletComputateStatistics
SMOS47,ServletDeleteReport
SMOS47,ServletInsertReport
SMOS47,ServletLoadClassByAccademicYear
SMOS47,ServletLoadReport
SMOS47,ServletLoadTeachingList
SMOS47,ServletShowReports
SMOS47,ServletShowStudentsByClass
SMOS47,ServletShowTeachingDetails
SMOS47,ServletUpdateReport
SMOS47,ServletUpdateTeaching
SMOS48,DeleteAdministratorException
SMOS48,DeleteManagerException
SMOS48,ServletAddRemoveTeachingsAsAddress
SMOS48,ServletAddressTeachings
SMOS48,ServletAssignRole
SMOS48,ServletAssignStudentClassroom
SMOS48,ServletDeleteClassroom
SMOS48,ServletDeleteReport
SMOS48,ServletDeleteTeaching
SMOS48,ServletDeleteUser
SMOS48,ServletInsertReport
SMOS48,ServletLoadClassByAccademicYear
SMOS48,ServletLoadReport
SMOS48,ServletLoadTeachingList
SMOS48,ServletRemoveTeachingAsTeacher
SMOS48,ServletShowReports
SMOS48,ServletShowStudentsByClass
SMOS48,ServletShowTeachingDetails
SMOS48,ServletUpdateReport
SMOS49,ServletAddRemoveTeachingsAsAddress
SMOS49,ServletAddTeachingAsTeacher
SMOS49,ServletAddressTeachings
SMOS49,ServletAlterPersonalDate
SMOS49,ServletAssignParentStudent
SMOS49,ServletAssignRole
SMOS49,ServletAssignStudentClassroom
SMOS49,ServletComputateStatistics
SMOS49,ServletDeleteAddress
SMOS49,ServletDeleteReport
SMOS49,ServletDeleteTeaching
SMOS49,ServletInsertJustify
SMOS49,ServletInsertReport
SMOS49,ServletInsertTeaching
SMOS49,ServletLoadClassByAccademicYear
SMOS49,ServletLoadReport
SMOS49,ServletLoadTeachingList
SMOS49,ServletLogin
SMOS49,ServletRemoveStudentClassroom
SMOS49,ServletRemoveTeachingAsTeacher
SMOS49,ServletReportTeachings
SMOS49,ServletShowClassroomByAcademicYear
SMOS49,ServletShowJustifyDetails
SMOS49,ServletShowReports
SMOS49,ServletShowStudentsByClass
SMOS49,ServletShowTeachingDetails
SMOS49,ServletShowTeachingList
SMOS49,ServletShowUserList
SMOS49,ServletUpdateRegister
SMOS49,ServletUpdateReport
SMOS49,ServletUpdateTeaching
SMOS49,ServletUpdateUser
SMOS49,managerUser
SMOS5,DeleteAdministratorException
SMOS5,DeleteManagerException
SMOS5,ServletAddRemoveTeachingsAsAddress
SMOS5,ServletAddTeachingAsTeacher
SMOS5,ServletAlterPersonalDate
SMOS5,ServletAssignParentStudent
SMOS5,ServletAssignStudentClassroom
SMOS5,ServletDeleteAddress
SMOS5,ServletDeleteReport
SMOS5,ServletDeleteTeaching
SMOS5,ServletDeleteUser
SMOS5,ServletInsertAddress
SMOS5,ServletInsertJustify
SMOS5,ServletInsertReport
SMOS5,ServletInsertTeaching
SMOS5,ServletRemoveStudentClassroom
SMOS5,ServletRemoveTeachingAsTeacher
SMOS5,ServletReportTeachings
SMOS5,ServletShowClassroomByAcademicYear
SMOS5,ServletShowJustifyDetails
SMOS5,ServletShowTeacherTeachingFormByClass
SMOS5,ServletShowTeachingList
SMOS5,ServletShowUserList
SMOS5,ServletShowUserTeachingForm
SMOS5,ServletUpdateRegister
SMOS5,ServletUpdateTeaching
SMOS5,ServletUpdateUser
SMOS5,managerUser
SMOS50,ConnectionWrapper
SMOS50,ManagerClassroom
SMOS50,ManagerVotes
SMOS50,ServletAddRemoveTeachingsAsAddress
SMOS50,ServletAlterPersonalDate
SMOS50,ServletAssignRole
SMOS50,ServletAssignStudentClassroom
SMOS50,ServletComputateStatistics
SMOS50,ServletDeleteNote
SMOS50,ServletDeleteReport
SMOS50,ServletInsertAddress
SMOS50,ServletInsertJustify
SMOS50,ServletInsertNewNote
SMOS50,ServletInsertReport
SMOS50,ServletInsertTeaching
SMOS50,ServletInsertUser
SMOS50,ServletLoadClassByAccademicYear
SMOS50,ServletLoadReport
SMOS50,ServletLoadTeachingList
SMOS50,ServletShowClassroomByAcademicYear
SMOS50,ServletShowJustifyDetails
SMOS50,ServletShowNoteDetails
SMOS50,ServletShowNoteList
SMOS50,ServletShowReports
SMOS50,ServletShowStudentsByClass
SMOS50,ServletShowTeachingList
SMOS50,ServletShowUserTeachingForm
SMOS50,ServletUpdateRegister
SMOS50,ServletUpdateReport
SMOS50,ServletUpdateTeaching
SMOS50,ServletUpdateUser
SMOS50,managerUser
SMOS51,DBConnection
SMOS51,DeleteAdministratorException
SMOS51,DeleteManagerException
SMOS51,ManagerClassroom
SMOS51,ServletAddRemoveTeachingsAsAddress
SMOS51,ServletAddTeachingAsTeacher
SMOS51,ServletAlterPersonalDate
SMOS51,ServletAssignRole
SMOS51,ServletAssignStudentClassroom
SMOS51,ServletDeleteNote
SMOS51,ServletDeleteReport
SMOS51,ServletDeleteTeaching
SMOS51,ServletDeleteUser
SMOS51,ServletInitialize
SMOS51,ServletInsertJustify
SMOS51,ServletInsertNewNote
SMOS51,ServletInsertReport
SMOS51,ServletInsertTeaching
SMOS51,ServletLoadClassByAccademicYear
SMOS51,ServletLoadReport
SMOS51,ServletLoadTeachingList
SMOS51,ServletLogin
SMOS51,ServletShowClassroomByAcademicYear
SMOS51,ServletShowClassroomManagement
SMOS51,ServletShowJustifyDetails
SMOS51,ServletShowNoteDetails
SMOS51,ServletShowNoteList
SMOS51,ServletShowReports
SMOS51,ServletShowStudentsByClass
SMOS51,ServletShowTeachingList
SMOS51,ServletShowUserList
SMOS51,ServletShowUserTeachingForm
SMOS51,ServletUpdateRegister
SMOS51,ServletUpdateReport
SMOS51,ServletUpdateTeaching
SMOS51,ServletUpdateUser
SMOS51,Utility
SMOS51,managerUser
SMOS52,ConnectionException
SMOS52,ConnectionWrapper
SMOS52,ControlConnection
SMOS52,DBConnection
SMOS52,ManagerAddress
SMOS52,ManagerClassroom
SMOS52,ManagerRegister
SMOS52,ManagerTeaching
SMOS52,ServletAddRemoveTeachingsAsAddress
SMOS52,ServletAddTeachingAsTeacher
SMOS52,ServletAddressTeachings
SMOS52,ServletAlterPersonalDate
SMOS52,ServletAssignParentStudent
SMOS52,ServletAssignStudentClassroom
SMOS52,ServletDeleteAddress
SMOS52,ServletDeleteNote
SMOS52,ServletDeleteReport
SMOS52,ServletDeleteTeaching
SMOS52,ServletDeleteUser
SMOS52,ServletInsertNewNote
SMOS52,ServletInsertTeaching
SMOS52,ServletLoadClassByAccademicYear
SMOS52,ServletLogin
SMOS52,ServletRemoveStudentClassroom
SMOS52,ServletRemoveTeachingAsTeacher
SMOS52,ServletReportTeachings
SMOS52,ServletShowClassroomByAcademicYear
SMOS52,ServletShowNoteDetails
SMOS52,ServletShowNoteList
SMOS52,ServletShowTeacherTeachingFormByClass
SMOS52,ServletShowTeachingList
SMOS52,ServletShowUserRoleForm
SMOS52,ServletShowUserTeachingForm
SMOS52,ServletUpdateRegister
SMOS52,ServletUpdateTeaching
SMOS52,ServletUpdateUser
SMOS52,managerUser
SMOS53,ManagerClassroom
SMOS53,ManagerRegister
SMOS53,ManagerTeaching
SMOS53,ServletAddRemoveTeachingsAsAddress
SMOS53,ServletAddressTeachings
SMOS53,ServletAssignRole
SMOS53,ServletAssignStudentClassroom
SMOS53,ServletDeleteReport
SMOS53,ServletInsertReport
SMOS53,ServletLoadClassByAccademicYear
SMOS53,ServletLoadReport
SMOS53,ServletLoadTeachingList
SMOS53,ServletReportTeachings
SMOS53,ServletShowClassroomByAcademicYear
SMOS53,ServletShowClassroomDetails
SMOS53,ServletShowClassroomList
SMOS53,ServletShowStudentsByClass
SMOS53,ServletShowTeacherTeachingFormByClass
SMOS53,ServletShowUserTeachingForm
SMOS53,ServletUpdateRegister
SMOS53,ServletUpdateReport
SMOS54,Absence
SMOS54,ConnectionException
SMOS54,ConnectionPoolDataSource
SMOS54,ConnectionWrapper
SMOS54,ControlConnection
SMOS54,DBConnection
SMOS54,DefaultException
SMOS54,Delay
SMOS54,DeleteAdministratorException
SMOS54,Justify
SMOS54,ManagerAddress
SMOS54,ManagerClassroom
SMOS54,ManagerRegister
SMOS54,ManagerTeaching
SMOS54,RegisterLine
SMOS54,ServletAddTeachingAsTeacher
SMOS54,ServletAlterPersonalDate
SMOS54,ServletAssignParentStudent
SMOS54,ServletAssignRole
SMOS54,ServletAssignStudentClassroom
SMOS54,ServletComputateStatistics
SMOS54,ServletDeleteAddress
SMOS54,ServletDeleteNote
SMOS54,ServletDeleteTeaching
SMOS54,ServletInitialize
SMOS54,ServletInsertAddress
SMOS54,ServletInsertClassroom
SMOS54,ServletInsertJustify
SMOS54,ServletInsertNewNote
SMOS54,ServletInsertTeaching
SMOS54,ServletLoadReport
SMOS54,ServletLoadYear
SMOS54,ServletLogin
SMOS54,ServletRemoveStudentClassroom
SMOS54,ServletRemoveTeachingAsTeacher
SMOS54,ServletReportTeachings
SMOS54,ServletShowAddressList
SMOS54,ServletShowClassroomByAcademicYear
SMOS54,ServletShowClassroomManagement
SMOS54,ServletShowJustifyList
SMOS54,ServletShowNoteDetails
SMOS54,ServletShowNoteList
SMOS54,ServletShowRegister
SMOS54,ServletShowReports
SMOS54,ServletShowStudentsByClass
SMOS54,ServletShowTeacherTeachingFormByClass
SMOS54,ServletShowTeachingList
SMOS54,ServletShowUserDetails
SMOS54,ServletShowUserList
SMOS54,ServletShowUserRoleForm
SMOS54,ServletShowUserTeachingForm
SMOS54,ServletUpdateRegister
SMOS54,ServletUpdateTeaching
SMOS54,ServletUpdateUser
SMOS54,TestRegister
SMOS54,Utility
SMOS55,ConnectionException
SMOS55,ConnectionPoolDataSource
SMOS55,ConnectionWrapper
SMOS55,ControlConnection
SMOS55,DBConnection
SMOS55,DefaultException
SMOS55,Delay
SMOS55,DeleteAdministratorException
SMOS55,DeleteManagerException
SMOS55,ManagerAddress
SMOS55,ManagerClassroom
SMOS55,ManagerRegister
SMOS55,ManagerTeaching
SMOS55,RegisterLine
SMOS55,ServletAddRemoveTeachingsAsAddress
SMOS55,ServletAddTeachingAsTeacher
SMOS55,ServletAlterPersonalDate
SMOS55,ServletAssignStudentClassroom
SMOS55,ServletDeleteNote
SMOS55,ServletDeleteTeaching
SMOS55,ServletDeleteUser
SMOS55,ServletInsertAddress
SMOS55,ServletInsertClassroom
SMOS55,ServletInsertNewNote
SMOS55,ServletInsertReport
SMOS55,ServletInsertTeaching
SMOS55,ServletLoadClassByAccademicYear
SMOS55,ServletLoadReport
SMOS55,ServletLoadTeachingList
SMOS55,ServletLoadYear
SMOS55,ServletLogin
SMOS55,ServletRemoveStudentClassroom
SMOS55,ServletRemoveTeachingAsTeacher
SMOS55,ServletReportTeachings
SMOS55,ServletShowClassroomByAcademicYear
SMOS55,ServletShowClassroomManagement
SMOS55,ServletShowJustifyDetails
SMOS55,ServletShowJustifyList
SMOS55,ServletShowNoteDetails
SMOS55,ServletShowNoteList
SMOS55,ServletShowRegister
SMOS55,ServletShowStudentsByClass
SMOS55,ServletShowTeacherTeachingFormByClass
SMOS55,ServletShowTeachingList
SMOS55,ServletShowUserDetails
SMOS55,ServletShowUserList
SMOS55,ServletShowUserRoleForm
SMOS55,ServletShowUserTeachingForm
SMOS55,ServletUpdateRegister
SMOS55,ServletUpdateReport
SMOS55,ServletUpdateTeaching
SMOS55,TestRegister
SMOS55,UserTest
SMOS55,Utility
SMOS55,managerUser
SMOS56,Classroom
SMOS56,ManagerClassroom
SMOS56,ManagerRegister
SMOS56,ManagerTeaching
SMOS56,Note
SMOS56,ServletAddRemoveTeachingsAsAddress
SMOS56,ServletAddressTeachings
SMOS56,ServletAssignRole
SMOS56,ServletAssignStudentClassroom
SMOS56,ServletInsertReport
SMOS56,ServletLoadClassByAccademicYear
SMOS56,ServletLoadReport
SMOS56,ServletLoadTeachingList
SMOS56,ServletLoadYear
SMOS56,ServletReportTeachings
SMOS56,ServletShowClassroomByAcademicYear
SMOS56,ServletShowClassroomList
SMOS56,ServletShowReports
SMOS56,ServletShowStudentsByClass
SMOS56,ServletShowTeacherTeachingFormByClass
SMOS56,ServletShowTeachingDetails
SMOS56,ServletShowTeachingList
SMOS56,ServletShowUserTeachingForm
SMOS56,ServletUpdateReport
SMOS57,ConnectionWrapper
SMOS57,DBConnection
SMOS57,Delay
SMOS57,Justify
SMOS57,ManagerClassroom
SMOS57,ManagerRegister
SMOS57,RegisterLine
SMOS57,ServletAddRemoveTeachingsAsAddress
SMOS57,ServletAddressTeachings
SMOS57,ServletAssignRole
SMOS57,ServletDeleteReport
SMOS57,ServletInsertJustify
SMOS57,ServletInsertReport
SMOS57,ServletInsertTeaching
SMOS57,ServletLoadClassByAccademicYear
SMOS57,ServletLoadReport
SMOS57,ServletLoadTeachingList
SMOS57,ServletReportTeachings
SMOS57,ServletShowClassroomByAcademicYear
SMOS57,ServletShowClassroomDetails
SMOS57,ServletShowJustifyDetails
SMOS57,ServletShowStudentsByClass
SMOS57,ServletShowTeacherTeachingFormByClass
SMOS57,ServletShowTeachingDetails
SMOS57,ServletShowTeachingList
SMOS57,ServletShowUserTeachingForm
SMOS57,ServletUpdateRegister
SMOS57,ServletUpdateReport
SMOS57,ServletUpdateTeaching
SMOS57,TestRegister
SMOS58,Classroom
SMOS58,ManagerClassroom
SMOS58,ManagerRegister
SMOS58,ManagerTeaching
SMOS58,ManagerVotes
SMOS58,Note
SMOS58,Report
SMOS58,ServletAddRemoveTeachingsAsAddress
SMOS58,ServletAddressTeachings
SMOS58,ServletAssignParentStudent
SMOS58,ServletAssignRole
SMOS58,ServletAssignStudentClassroom
SMOS58,ServletComputateStatistics
SMOS58,ServletDeleteReport
SMOS58,ServletInsertClassroom
SMOS58,ServletInsertReport
SMOS58,ServletInsertTeaching
SMOS58,ServletLoadClassByAccademicYear
SMOS58,ServletLoadReport
SMOS58,ServletLoadTeachingList
SMOS58,ServletLoadYear
SMOS58,ServletReportTeachings
SMOS58,ServletShowClassroomByAcademicYear
SMOS58,ServletShowClassroomDetails
SMOS58,ServletShowClassroomList
SMOS58,ServletShowClassroomManagement
SMOS58,ServletShowReports
SMOS58,ServletShowStudentsByClass
SMOS58,ServletShowTeacherTeachingFormByClass
SMOS58,ServletShowTeachingDetails
SMOS58,ServletShowTeachingList
SMOS58,ServletShowUserTeachingForm
SMOS58,ServletUpdateRegister
SMOS58,ServletUpdateReport
SMOS58,ServletUpdateTeaching
SMOS58,Votes
SMOS58,managerUser
SMOS59,ManagerVotes
SMOS59,RegisterLine
SMOS59,ServletAddRemoveTeachingsAsAddress
SMOS59,ServletAddressTeachings
SMOS59,ServletAssignRole
SMOS59,ServletAssignStudentClassroom
SMOS59,ServletComputateStatistics
SMOS59,ServletDeleteReport
SMOS59,ServletInsertReport
SMOS59,ServletLoadClassByAccademicYear
SMOS59,ServletLoadReport
SMOS59,ServletLoadTeachingList
SMOS59,ServletShowClassroomDetails
SMOS59,ServletShowReports
SMOS59,ServletShowStudentsByClass
SMOS59,ServletShowTeachingDetails
SMOS59,ServletUpdateReport
SMOS6,ServletAlterPersonalDate
SMOS6,ServletDeleteNote
SMOS6,ServletDeleteReport
SMOS6,ServletInsertAddress
SMOS6,ServletInsertJustify
SMOS6,ServletInsertNewNote
SMOS6,ServletInsertTeaching
SMOS6,ServletInsertUser
SMOS6,ServletLogin
SMOS6,ServletShowClassroomByAcademicYear
SMOS6,ServletShowJustifyDetails
SMOS6,ServletShowNoteDetails
SMOS6,ServletShowNoteList
SMOS6,ServletShowTeachingList
SMOS6,ServletShowUserTeachingForm
SMOS6,ServletUpdateTeaching
SMOS6,ServletUpdateUser
SMOS6,User
SMOS6,UserListItem
SMOS6,managerUser
SMOS60,ManagerClassroom
SMOS60,ManagerRegister
SMOS60,RegisterLine
SMOS60,ServletAddRemoveTeachingsAsAddress
SMOS60,ServletAssignParentStudent
SMOS60,ServletAssignRole
SMOS60,ServletAssignStudentClassroom
SMOS60,ServletComputateStatistics
SMOS60,ServletDeleteReport
SMOS60,ServletInsertReport
SMOS60,ServletLoadClassByAccademicYear
SMOS60,ServletLoadReport
SMOS60,ServletLoadTeachingList
SMOS60,ServletShowReports
SMOS60,ServletShowStudentsByClass
SMOS60,ServletUpdateRegister
SMOS60,ServletUpdateReport
SMOS61,ConnectionWrapper
SMOS61,Justify
SMOS61,ManagerClassroom
SMOS61,ManagerRegister
SMOS61,ManagerTeaching
SMOS61,RegisterLine
SMOS61,ServletAddRemoveTeachingsAsAddress
SMOS61,ServletAlterPersonalDate
SMOS61,ServletAssignParentStudent
SMOS61,ServletAssignRole
SMOS61,ServletAssignStudentClassroom
SMOS61,ServletDeleteNote
SMOS61,ServletDeleteReport
SMOS61,ServletInsertJustify
SMOS61,ServletInsertNewNote
SMOS61,ServletInsertReport
SMOS61,ServletInsertTeaching
SMOS61,ServletLoadReport
SMOS61,ServletLoadTeachingList
SMOS61,ServletReportTeachings
SMOS61,ServletShowClassroomByAcademicYear
SMOS61,ServletShowJustifyDetails
SMOS61,ServletShowNoteDetails
SMOS61,ServletShowNoteList
SMOS61,ServletShowReports
SMOS61,ServletShowStudentsByClass
SMOS61,ServletShowTeachingList
SMOS61,ServletShowUserTeachingForm
SMOS61,ServletUpdateRegister
SMOS61,ServletUpdateReport
SMOS61,ServletUpdateTeaching
SMOS61,TestRegister
SMOS62,ManagerTeaching
SMOS62,Report
SMOS62,ServletAddRemoveTeachingsAsAddress
SMOS62,ServletAddressTeachings
SMOS62,ServletAssignParentStudent
SMOS62,ServletAssignRole
SMOS62,ServletAssignStudentClassroom
SMOS62,ServletComputateStatistics
SMOS62,ServletDeleteReport
SMOS62,ServletInsertReport
SMOS62,ServletLoadClassByAccademicYear
SMOS62,ServletLoadReport
SMOS62,ServletLoadTeachingList
SMOS62,ServletShowReports
SMOS62,ServletShowStudentsByClass
SMOS62,ServletShowTeachingDetails
SMOS62,ServletUpdateReport
SMOS63,Absence
SMOS63,ConnectionWrapper
SMOS63,ControlConnection
SMOS63,DBConnection
SMOS63,ManagerAddress
SMOS63,ManagerClassroom
SMOS63,ManagerRegister
SMOS63,ManagerTeaching
SMOS63,RegisterLine
SMOS63,ServletAddRemoveTeachingsAsAddress
SMOS63,ServletAddressTeachings
SMOS63,ServletAlterPersonalDate
SMOS63,ServletAssignRole
SMOS63,ServletComputateStatistics
SMOS63,ServletDeleteReport
SMOS63,ServletInsertJustify
SMOS63,ServletInsertReport
SMOS63,ServletLoadClassByAccademicYear
SMOS63,ServletLoadReport
SMOS63,ServletLoadTeachingList
SMOS63,ServletShowReports
SMOS63,ServletShowStudentsByClass
SMOS63,ServletShowTeachingDetails
SMOS63,ServletShowUserRoleForm
SMOS63,ServletShowUserTeachingForm
SMOS63,ServletUpdateJustify
SMOS63,ServletUpdateRegister
SMOS63,ServletUpdateReport
SMOS63,TestRegister
SMOS63,Utility
SMOS63,managerUser
SMOS64,ManagerClassroom
SMOS64,ManagerRegister
SMOS64,ServletAddRemoveTeachingsAsAddress
SMOS64,ServletAssignRole
SMOS64,ServletAssignStudentClassroom
SMOS64,ServletComputateStatistics
SMOS64,ServletDeleteReport
SMOS64,ServletInsertReport
SMOS64,ServletLoadClassByAccademicYear
SMOS64,ServletLoadReport
SMOS64,ServletLoadTeachingList
SMOS64,ServletLoadYear
SMOS64,ServletReportTeachings
SMOS64,ServletShowClassroomByAcademicYear
SMOS64,ServletShowClassroomList
SMOS64,ServletShowClassroomManagement
SMOS64,ServletShowRegister
SMOS64,ServletShowReports
SMOS64,ServletShowTeacherTeachingFormByClass
SMOS64,ServletUpdateReport
SMOS65,ConnectionWrapper
SMOS65,Delay
SMOS65,ManagerClassroom
SMOS65,ManagerRegister
SMOS65,Note
SMOS65,RegisterLine
SMOS65,ServletAddRemoveTeachingsAsAddress
SMOS65,ServletAssignRole
SMOS65,ServletComputateStatistics
SMOS65,ServletDeleteReport
SMOS65,ServletInsertJustify
SMOS65,ServletInsertReport
SMOS65,ServletInsertTeaching
SMOS65,ServletLoadClassByAccademicYear
SMOS65,ServletLoadReport
SMOS65,ServletLoadTeachingList
SMOS65,ServletReportTeachings
SMOS65,ServletShowClassroomByAcademicYear
SMOS65,ServletShowClassroomDetails
SMOS65,ServletShowJustifyDetails
SMOS65,ServletShowReports
SMOS65,ServletShowStudentsByClass
SMOS65,ServletShowTeachingDetails
SMOS65,ServletShowTeachingList
SMOS65,ServletUpdateRegister
SMOS65,ServletUpdateReport
SMOS65,ServletUpdateTeaching
SMOS65,TestRegister
SMOS65,managerUser
SMOS66,Absence
SMOS66,Classroom
SMOS66,Delay
SMOS66,Justify
SMOS66,ManagerClassroom
SMOS66,ManagerVotes
SMOS66,Note
SMOS66,Report
SMOS66,ServletAddRemoveTeachingsAsAddress
SMOS66,ServletAddressTeachings
SMOS66,ServletAssignParentStudent
SMOS66,ServletAssignRole
SMOS66,ServletAssignStudentClassroom
SMOS66,ServletComputateStatistics
SMOS66,ServletDeleteReport
SMOS66,ServletInsertReport
SMOS66,ServletInsertTeaching
SMOS66,ServletLoadClassByAccademicYear
SMOS66,ServletLoadReport
SMOS66,ServletLoadTeachingList
SMOS66,ServletReportTeachings
SMOS66,ServletShowClassroomByAcademicYear
SMOS66,ServletShowClassroomList
SMOS66,ServletShowReports
SMOS66,ServletShowStudentsByClass
SMOS66,ServletShowTeacherTeachingFormByClass
SMOS66,ServletShowTeachingDetails
SMOS66,ServletShowTeachingList
SMOS66,ServletShowUserTeachingForm
SMOS66,ServletUpdateReport
SMOS66,ServletUpdateTeaching
SMOS66,Votes
SMOS67,ConnectionWrapper
SMOS67,DBConnection
SMOS67,ManagerClassroom
SMOS67,ServletAddRemoveTeachingsAsAddress
SMOS67,ServletAlterPersonalDate
SMOS67,ServletAssignRole
SMOS67,ServletAssignStudentClassroom
SMOS67,ServletComputateStatistics
SMOS67,ServletDeleteNote
SMOS67,ServletDeleteReport
SMOS67,ServletInsertAddress
SMOS67,ServletInsertJustify
SMOS67,ServletInsertNewNote
SMOS67,ServletInsertTeaching
SMOS67,ServletInsertUser
SMOS67,ServletLogin
SMOS67,ServletShowClassroomByAcademicYear
SMOS67,ServletShowJustifyDetails
SMOS67,ServletShowNoteDetails
SMOS67,ServletShowNoteList
SMOS67,ServletShowReports
SMOS67,ServletShowTeachingList
SMOS67,ServletShowUserRoleForm
SMOS67,ServletShowUserTeachingForm
SMOS67,ServletUpdateRegister
SMOS67,ServletUpdateTeaching
SMOS67,User
SMOS67,managerUser
SMOS7,DeleteAdministratorException
SMOS7,ManagerAddress
SMOS7,ServletAddRemoveTeachingsAsAddress
SMOS7,ServletAddTeachingAsTeacher
SMOS7,ServletAlterPersonalDate
SMOS7,ServletAssignParentStudent
SMOS7,ServletAssignStudentClassroom
SMOS7,ServletDeleteAddress
SMOS7,ServletDeleteNote
SMOS7,ServletDeleteReport
SMOS7,ServletDeleteTeaching
SMOS7,ServletInsertJustify
SMOS7,ServletInsertNewNote
SMOS7,ServletInsertReport
SMOS7,ServletInsertTeaching
SMOS7,ServletInsertUser
SMOS7,ServletLogin
SMOS7,ServletRemoveStudentClassroom
SMOS7,ServletRemoveTeachingAsTeacher
SMOS7,ServletReportTeachings
SMOS7,ServletShowClassroomByAcademicYear
SMOS7,ServletShowJustifyDetails
SMOS7,ServletShowNoteDetails
SMOS7,ServletShowNoteList
SMOS7,ServletShowReports
SMOS7,ServletShowTeacherTeachingFormByClass
SMOS7,ServletShowTeachingList
SMOS7,ServletShowUserDetails
SMOS7,ServletShowUserList
SMOS7,ServletShowUserTeachingForm
SMOS7,ServletUpdateRegister
SMOS7,ServletUpdateTeaching
SMOS7,ServletUpdateUser
SMOS7,User
SMOS7,UserListItem
SMOS7,managerUser
SMOS8,DeleteAdministratorException
SMOS8,DeleteManagerException
SMOS8,ServletAlterPersonalDate
SMOS8,ServletAssignParentStudent
SMOS8,ServletAssignRole
SMOS8,ServletAssignStudentClassroom
SMOS8,ServletDeleteNote
SMOS8,ServletDeleteReport
SMOS8,ServletDeleteTeaching
SMOS8,ServletDeleteUser
SMOS8,ServletInsertJustify
SMOS8,ServletInsertNewNote
SMOS8,ServletInsertTeaching
SMOS8,ServletLogin
SMOS8,ServletShowClassroomByAcademicYear
SMOS8,ServletShowJustifyDetails
SMOS8,ServletShowNoteDetails
SMOS8,ServletShowNoteList
SMOS8,ServletShowTeachingList
SMOS8,ServletShowUserDetails
SMOS8,ServletShowUserRoleForm
SMOS8,ServletShowUserTeachingForm
SMOS8,ServletUpdateRegister
SMOS8,ServletUpdateTeaching
SMOS8,ServletUpdateUser
SMOS8,managerUser
SMOS9,DeleteAdministratorException
SMOS9,DeleteManagerException
SMOS9,ServletAddTeachingAsTeacher
SMOS9,ServletAlterPersonalDate
SMOS9,ServletAssignParentStudent
SMOS9,ServletAssignRole
SMOS9,ServletDeleteAddress
SMOS9,ServletDeleteNote
SMOS9,ServletDeleteReport
SMOS9,ServletDeleteUser
SMOS9,ServletInsertNewNote
SMOS9,ServletInsertTeaching
SMOS9,ServletShowClassroomByAcademicYear
SMOS9,ServletShowNoteDetails
SMOS9,ServletShowNoteList
SMOS9,ServletShowTeachingList
SMOS9,ServletShowUserDetails
SMOS9,ServletShowUserTeachingForm
SMOS9,ServletUpdateRegister
SMOS9,ServletUpdateTeaching
SMOS9,managerUser