UC1,AdvancedSearch
UC1,AdvertisementAgencyManager
UC1,AdvertisementManager
UC1,Authentication
UC1,Banner
UC1,BeanOperatorAgency
UC1,BeanOperatorRefreshmentPoint
UC1,BeanTourist
UC1,BeanVisitBC
UC1,CardBC
UC1,CardPR
UC1,CulturalHeritage
UC1,CulturalHeritageAgencyManager
UC1,CulturalHeritageChecker
UC1,CulturalHeritageCommonManager
UC1,CulturalHeritageVisitChecker
UC1,DBAgencyOperator
UC1,DBConnectionPool
UC1,DBCulturalHeritage
UC1,DBNews
UC1,DBRefreshmentPointOperator
UC1,DBSearchPreference
UC1,DBTag
UC1,DBTourist
UC1,DBVisitPR
UC1,FeedBackTableModel
UC1,NewsTableModelTest
UC1,OperatorAgency
UC1,RefreshmentPoint
UC1,RefreshmentPointAgencyManager
UC1,RefreshmentPointCommonManager
UC1,Search
UC1,TagAgencyOperatorManager
UC1,Tourist
UC1,TouristAgencyManager
UC1,TouristCard
UC1,TouristClientManager
UC1,TouristCommonManager
UC10,AdvancedSearch
UC10,AdvertisementAgencyManager
UC10,Authentication
UC10,Banner
UC10,BeanBanner
UC10,BeanConvention
UC10,BeanMenu
UC10,BeanOperatorAgency
UC10,BeanOperatorRefreshmentPoint
UC10,BeanTourist
UC10,BeanVisitPR
UC10,CardBC
UC10,CardPR
UC10,ControlData
UC10,ControllDataAdvertisement
UC10,CulturalHeritage
UC10,CulturalHeritageAgencyManager
UC10,CulturalHeritageChecker
UC10,CulturalHeritageCommonManager
UC10,CulturalHeritageVisitChecker
UC10,DBAgencyOperator
UC10,DBConnectionPool
UC10,DBConvention
UC10,DBDish
UC10,DBGenericPreference
UC10,DBMenu
UC10,DBRefreshmentPoint
UC10,DBRefreshmentPointOperator
UC10,DBSearchPreference
UC10,DBTag
UC10,DBTourist
UC10,DBVisitPR
UC10,FeedBackTableModel
UC10,NewsTableModelTest
UC10,OperatorAgency
UC10,PRNode
UC10,RefreshmentPoint
UC10,RefreshmentPointAgencyManager
UC10,RefreshmentPointCommonManager
UC10,Search
UC10,TagAgencyOperatorManager
UC10,TestoNewsRendererTest
UC10,Tourist
UC10,TouristAgencyManager
UC10,TouristCard
UC10,TouristClientManager
UC10,TouristCommonManager
UC11,AdvancedSearch
UC11,Authentication
UC11,BeanConvention
UC11,BeanOperatorAgency
UC11,BeanOperatorRefreshmentPoint
UC11,BeanTourist
UC11,CardBC
UC11,CardPR
UC11,ControlData
UC11,ControllDataAdvertisement
UC11,CulturalHeritage
UC11,CulturalHeritageAgencyManager
UC11,CulturalHeritageChecker
UC11,CulturalHeritageCommonManager
UC11,CulturalHeritageVisitChecker
UC11,DBAgencyOperator
UC11,DBConnectionPool
UC11,DBConvention
UC11,DBDish
UC11,DBGenericPreference
UC11,DBMenu
UC11,DBRefreshmentPoint
UC11,DBRefreshmentPointOperator
UC11,DBTourist
UC11,DBVisitPR
UC11,FeedBackTableModel
UC11,NewsTableModelTest
UC11,OperatorAgency
UC11,RefreshmentPoint
UC11,RefreshmentPointAgencyManager
UC11,RefreshmentPointCommonManager
UC11,Search
UC11,TagAgencyOperatorManager
UC11,TestoNewsRendererTest
UC11,Tourist
UC11,TouristAgencyManager
UC11,TouristCard
UC11,TouristClientManager
UC11,TouristCommonManager
UC12,AdvancedSearch
UC12,AdvertisementAgencyManager
UC12,Authentication
UC12,BannerDialog
UC12,BeanGenericPreference
UC12,BeanOperatorAgency
UC12,BeanOperatorRefreshmentPoint
UC12,BeanTourist
UC12,BeanVisitPR
UC12,CardBC
UC12,CardPR
UC12,ControlData
UC12,ControllDataAdvertisement
UC12,CulturalHeritage
UC12,CulturalHeritageAgencyManager
UC12,CulturalHeritageChecker
UC12,CulturalHeritageCommonManager
UC12,CulturalHeritageVisitChecker
UC12,DBAgencyOperator
UC12,DBConnectionPool
UC12,DBGenericPreference
UC12,DBRefreshmentPointOperator
UC12,DBTourist
UC12,DBVisitPR
UC12,FeedBackTableModel
UC12,NewsTableModelTest
UC12,OperatorAgency
UC12,RefreshmentPoint
UC12,RefreshmentPointAgencyManager
UC12,Search
UC12,TagAgencyOperatorManager
UC12,TestoNewsRendererTest
UC12,Tourist
UC12,TouristAgencyManager
UC12,TouristCard
UC12,TouristClientManager
UC12,TouristCommonManager
UC13,AdvancedSearch
UC13,AdvertisementManager
UC13,Authentication
UC13,BeanGenericPreference
UC13,BeanOperatorAgency
UC13,BeanOperatorRefreshmentPoint
UC13,BeanTourist
UC13,CardBC
UC13,CardPR
UC13,ControlData
UC13,ControllDataAdvertisement
UC13,CulturalHeritage
UC13,CulturalHeritageChecker
UC13,CulturalHeritageCommonManager
UC13,CulturalHeritageVisitChecker
UC13,DBAgencyOperator
UC13,DBConnectionPool
UC13,DBGenericPreference
UC13,DBNews
UC13,DBRefreshmentPointOperator
UC13,DBTourist
UC13,DBVisitBC
UC13,DBVisitPR
UC13,DeskManager
UC13,FeedBackTableModel
UC13,News
UC13,NewsTableModelTest
UC13,OperatorAgency
UC13,RefreshmentPointAgencyManager
UC13,RefreshmentPointCommonManager
UC13,Search
UC13,Tag
UC13,TagAgencyOperatorManager
UC13,TestoNewsRendererTest
UC13,Tourist
UC13,TouristAgencyManager
UC13,TouristCard
UC13,TouristClientManager
UC13,TouristCommonManager
UC13,TouristTableModel
UC14,AdvancedSearch
UC14,AdvertisementAgencyManager
UC14,Authentication
UC14,Banner
UC14,BeanGenericPreference
UC14,BeanOperatorAgency
UC14,BeanOperatorRefreshmentPoint
UC14,BeanTourist
UC14,BeanVisitPR
UC14,CardBC
UC14,CardPR
UC14,ControlData
UC14,ControllDataAdvertisement
UC14,CulturalHeritage
UC14,CulturalHeritageAgencyManager
UC14,CulturalHeritageChecker
UC14,CulturalHeritageCommonManager
UC14,CulturalHeritageVisitChecker
UC14,DBAgencyOperator
UC14,DBConnectionPool
UC14,DBCulturalHeritage
UC14,DBGenericPreference
UC14,DBRefreshmentPoint
UC14,DBRefreshmentPointOperator
UC14,DBSearchPreference
UC14,DBTourist
UC14,DBVisitBC
UC14,DBVisitPR
UC14,FeedBackTableModel
UC14,News
UC14,NewsTableModelTest
UC14,OperatorAgency
UC14,RefreshmentPoint
UC14,RefreshmentPointAgencyManager
UC14,RefreshmentPointCommonManager
UC14,Search
UC14,TagAgencyOperatorManager
UC14,TestoNewsRendererTest
UC14,Tourist
UC14,TouristAgencyManager
UC14,TouristCard
UC14,TouristClientManager
UC14,TouristCommonManager
UC15,AdvancedSearch
UC15,AdvertisementAgencyManager
UC15,AdvertisementManager
UC15,Authentication
UC15,Banner
UC15,BeanGenericPreference
UC15,BeanNews
UC15,BeanOperatorAgency
UC15,BeanOperatorRefreshmentPoint
UC15,BeanRefreshmentPoint
UC15,BeanTourist
UC15,BeanVisitBC
UC15,CardBC
UC15,CardPR
UC15,ControlData
UC15,ControllDataAdvertisement
UC15,CulturalHeritage
UC15,CulturalHeritageAgencyManager
UC15,CulturalHeritageChecker
UC15,CulturalHeritageCommonManager
UC15,CulturalHeritageVisitChecker
UC15,DBAgencyOperator
UC15,DBBanner
UC15,DBConnectionPool
UC15,DBConvention
UC15,DBDish
UC15,DBGenericPreference
UC15,DBMenu
UC15,DBNews
UC15,DBRefreshmentPoint
UC15,DBRefreshmentPointOperator
UC15,DBSearchPreference
UC15,DBTourist
UC15,DBVisitPR
UC15,FeedBackTableModel
UC15,News
UC15,NewsTableModelTest
UC15,OperatorAgency
UC15,RefreshmentPoint
UC15,RefreshmentPointAgencyManager
UC15,RefreshmentPointCommonManager
UC15,ReportStatistic
UC15,Search
UC15,TagAgencyOperatorManager
UC15,TestoNewsRendererTest
UC15,Tourist
UC15,TouristAgencyManager
UC15,TouristCard
UC15,TouristClientManager
UC15,TouristCommonManager
UC15,TouristTableModel
UC16,AdvancedSearch
UC16,AdvertisementAgencyManager
UC16,AdvertisementManager
UC16,Authentication
UC16,Banner
UC16,BeanOperatorAgency
UC16,BeanOperatorRefreshmentPoint
UC16,BeanTourist
UC16,CardBC
UC16,CardPR
UC16,ControlData
UC16,ControllDataAdvertisement
UC16,CulturalHeritage
UC16,CulturalHeritageAgencyManager
UC16,CulturalHeritageChecker
UC16,CulturalHeritageCommonManager
UC16,CulturalHeritageVisitChecker
UC16,DBAgencyOperator
UC16,DBConnectionPool
UC16,DBDish
UC16,DBGenericPreference
UC16,DBMenu
UC16,DBNews
UC16,DBRefreshmentPoint
UC16,DBRefreshmentPointOperator
UC16,DBSearchPreference
UC16,DBTourist
UC16,DBVisitPR
UC16,FeedBackTableModel
UC16,News
UC16,NewsTableModelTest
UC16,OperatorAgency
UC16,RefreshmentPoint
UC16,RefreshmentPointAgencyManager
UC16,RefreshmentPointCommonManager
UC16,Search
UC16,TagAgencyOperatorManager
UC16,TestoNewsRendererTest
UC16,Tourist
UC16,TouristAgencyManager
UC16,TouristCard
UC16,TouristClientManager
UC16,TouristCommonManager
UC16,TouristTableModel
UC17,AdvancedSearch
UC17,AdvertisementAgencyManager
UC17,AdvertisementManager
UC17,Authentication
UC17,Banner
UC17,BannerDialog
UC17,BannerNode
UC17,BeanBanner
UC17,BeanOperatorAgency
UC17,BeanOperatorRefreshmentPoint
UC17,BeanRefreshmentPoint
UC17,BeanTourist
UC17,BeanVisitBC
UC17,BeanVisitPR
UC17,CardBC
UC17,CardPR
UC17,ControlData
UC17,ControllDataAdvertisement
UC17,CulturalHeritage
UC17,CulturalHeritageAgencyManager
UC17,CulturalHeritageChecker
UC17,CulturalHeritageCommonManager
UC17,CulturalHeritageVisitChecker
UC17,DBAgencyOperator
UC17,DBBanner
UC17,DBConnectionPool
UC17,DBConvention
UC17,DBCulturalHeritage
UC17,DBDish
UC17,DBGenericPreference
UC17,DBMenu
UC17,DBNews
UC17,DBRefreshmentPoint
UC17,DBRefreshmentPointOperator
UC17,DBTourist
UC17,DBVisitPR
UC17,FeedBackTableModel
UC17,News
UC17,NewsTableModelTest
UC17,OperatorAgency
UC17,RefreshmentPoint
UC17,RefreshmentPointAgencyManager
UC17,RefreshmentPointCommonManager
UC17,Search
UC17,TagAgencyOperatorManager
UC17,TestoNewsRendererTest
UC17,Tourist
UC17,TouristAgencyManager
UC17,TouristCard
UC17,TouristClientManager
UC17,TouristCommonManager
UC18,AdvancedSearch
UC18,AdvertisementManager
UC18,Authentication
UC18,Banner
UC18,BannerDialog
UC18,BeanConvention
UC18,CardBC
UC18,CardPR
UC18,ControlData
UC18,ControllDataAdvertisement
UC18,CulturalHeritage
UC18,CulturalHeritageChecker
UC18,CulturalHeritageCommonManager
UC18,CulturalHeritageVisitChecker
UC18,DBBanner
UC18,DBConnectionPool
UC18,DBConvention
UC18,DBGenericPreference
UC18,DBNews
UC18,DBRefreshmentPointOperator
UC18,DBTourist
UC18,DBVisitPR
UC18,DeskManager
UC18,News
UC18,NewsTableModelTest
UC18,OperatorAgency
UC18,RefreshmentPointAgencyManager
UC18,RefreshmentPointCommonManager
UC18,Search
UC18,Tag
UC18,TagAgencyOperatorManager
UC18,TestoNewsRendererTest
UC18,Tourist
UC18,TouristAgencyManager
UC18,TouristCard
UC18,TouristClientManager
UC18,TouristCommonManager
UC19,AdvancedSearch
UC19,AdvertisementAgencyManager
UC19,AdvertisementManager
UC19,Authentication
UC19,Banner
UC19,BannerDialog
UC19,BannerNode
UC19,BeanBanner
UC19,BeanNews
UC19,BeanOperatorAgency
UC19,BeanOperatorRefreshmentPoint
UC19,BeanRefreshmentPoint
UC19,BeanTourist
UC19,BeanVisitBC
UC19,BeanVisitPR
UC19,CardBC
UC19,CardPR
UC19,ControlData
UC19,ControllDataAdvertisement
UC19,CulturalHeritage
UC19,CulturalHeritageAgencyManager
UC19,CulturalHeritageChecker
UC19,CulturalHeritageCommonManager
UC19,CulturalHeritageVisitChecker
UC19,DBAgencyOperator
UC19,DBBanner
UC19,DBConnectionPool
UC19,DBConvention
UC19,DBCulturalHeritage
UC19,DBDish
UC19,DBGenericPreference
UC19,DBMenu
UC19,DBNews
UC19,DBRefreshmentPoint
UC19,DBRefreshmentPointOperator
UC19,DBTourist
UC19,DBVisitPR
UC19,FeedBackTableModel
UC19,News
UC19,NewsTableModelTest
UC19,OperatorAgency
UC19,RefreshmentPoint
UC19,RefreshmentPointAgencyManager
UC19,RefreshmentPointCommonManager
UC19,Search
UC19,TagAgencyOperatorManager
UC19,TestoNewsRendererTest
UC19,Tourist
UC19,TouristAgencyManager
UC19,TouristCard
UC19,TouristClientManager
UC19,TouristCommonManager
UC2,AdvancedSearch
UC2,AdvertisementAgencyManager
UC2,AdvertisementManager
UC2,Authentication
UC2,Banner
UC2,BeanNews
UC2,BeanOperatorAgency
UC2,BeanOperatorRefreshmentPoint
UC2,BeanTourist
UC2,BeanVisitBC
UC2,BeanVisitPR
UC2,CardBC
UC2,CardPR
UC2,ControlData
UC2,CulturalHeritage
UC2,CulturalHeritageAgencyManager
UC2,CulturalHeritageChecker
UC2,CulturalHeritageCommonManager
UC2,CulturalHeritageVisitChecker
UC2,DBAgencyOperator
UC2,DBBanner
UC2,DBConnectionPool
UC2,DBConvention
UC2,DBCulturalHeritage
UC2,DBNews
UC2,DBRefreshmentPointOperator
UC2,DBSearchPreference
UC2,DBTag
UC2,DBTourist
UC2,DBVisitPR
UC2,FeedBackTableModel
UC2,News
UC2,NewsTableModelTest
UC2,OperatorAgency
UC2,RefreshmentPoint
UC2,RefreshmentPointAgencyManager
UC2,RefreshmentPointCommonManager
UC2,TagAgencyOperatorManager
UC2,Tourist
UC2,TouristAgencyManager
UC2,TouristCard
UC2,TouristClientManager
UC2,TouristCommonManager
UC20,AdvancedSearch
UC20,AdvertisementAgencyManager
UC20,AdvertisementManager
UC20,Authentication
UC20,Banner
UC20,BannerDialog
UC20,BannerNode
UC20,BeanBanner
UC20,BeanConvention
UC20,BeanOperatorAgency
UC20,BeanOperatorRefreshmentPoint
UC20,BeanTourist
UC20,CardBC
UC20,CardPR
UC20,ControlData
UC20,ControllDataAdvertisement
UC20,CulturalHeritage
UC20,CulturalHeritageAgencyManager
UC20,CulturalHeritageChecker
UC20,CulturalHeritageCommonManager
UC20,CulturalHeritageVisitChecker
UC20,DBAgencyOperator
UC20,DBBanner
UC20,DBConnectionPool
UC20,DBGenericPreference
UC20,DBMenu
UC20,DBNews
UC20,DBRefreshmentPoint
UC20,DBRefreshmentPointOperator
UC20,DBSearchPreference
UC20,DBTourist
UC20,DBVisitBC
UC20,DBVisitPR
UC20,FeedBackTableModel
UC20,News
UC20,NewsTableModelTest
UC20,OperatorAgency
UC20,RefreshmentPoint
UC20,RefreshmentPointAgencyManager
UC20,RefreshmentPointCommonManager
UC20,Search
UC20,TagAgencyOperatorManager
UC20,TestoNewsRendererTest
UC20,Tourist
UC20,TouristAgencyManager
UC20,TouristCard
UC20,TouristClientManager
UC20,TouristCommonManager
UC21,AdvancedSearch
UC21,AdvertisementAgencyManager
UC21,AdvertisementManager
UC21,Authentication
UC21,Banner
UC21,BeanNews
UC21,BeanOperatorAgency
UC21,BeanOperatorRefreshmentPoint
UC21,BeanTourist
UC21,BeanVisitBC
UC21,BeanVisitPR
UC21,CardBC
UC21,CardPR
UC21,ControlData
UC21,ControllDataAdvertisement
UC21,CulturalHeritage
UC21,CulturalHeritageAgencyManager
UC21,CulturalHeritageChecker
UC21,CulturalHeritageCommonManager
UC21,CulturalHeritageVisitChecker
UC21,DBAgencyOperator
UC21,DBBanner
UC21,DBConnectionPool
UC21,DBConvention
UC21,DBCulturalHeritage
UC21,DBGenericPreference
UC21,DBMenu
UC21,DBNews
UC21,DBRefreshmentPoint
UC21,DBRefreshmentPointOperator
UC21,DBSearchPreference
UC21,DBTourist
UC21,DBVisitBC
UC21,DBVisitPR
UC21,FeedBackTableModel
UC21,News
UC21,NewsTableModelTest
UC21,OperatorAgency
UC21,RefreshmentPoint
UC21,RefreshmentPointAgencyManager
UC21,TagAgencyOperatorManager
UC21,TestoNewsRendererTest
UC21,Tourist
UC21,TouristAgencyManager
UC21,TouristCard
UC21,TouristClientManager
UC21,TouristCommonManager
UC22,AdvancedSearch
UC22,AdvertisementAgencyManager
UC22,Authentication
UC22,BeanNews
UC22,BeanOperatorAgency
UC22,BeanOperatorRefreshmentPoint
UC22,BeanTourist
UC22,BeanVisitBC
UC22,BeanVisitPR
UC22,CardBC
UC22,CardPR
UC22,ControlData
UC22,ControllDataAdvertisement
UC22,CulturalHeritage
UC22,CulturalHeritageAgencyManager
UC22,CulturalHeritageChecker
UC22,CulturalHeritageCommonManager
UC22,CulturalHeritageVisitChecker
UC22,DBAgencyOperator
UC22,DBBanner
UC22,DBConnectionPool
UC22,DBConvention
UC22,DBCulturalHeritage
UC22,DBGenericPreference
UC22,DBNews
UC22,DBRefreshmentPointOperator
UC22,DBTourist
UC22,DBVisitPR
UC22,FeedBackTableModel
UC22,News
UC22,NewsTableModelTest
UC22,OperatorAgency
UC22,RefreshmentPoint
UC22,RefreshmentPointAgencyManager
UC22,TagAgencyOperatorManager
UC22,TestoNewsRendererTest
UC22,Tourist
UC22,TouristAgencyManager
UC22,TouristCard
UC22,TouristClientManager
UC22,TouristCommonManager
UC23,AdvancedSearch
UC23,AdvertisementAgencyManager
UC23,AdvertisementManager
UC23,Authentication
UC23,BeanNews
UC23,BeanOperatorAgency
UC23,BeanOperatorRefreshmentPoint
UC23,BeanTourist
UC23,BeanVisitBC
UC23,BeanVisitPR
UC23,CardBC
UC23,CardPR
UC23,ControlData
UC23,ControllDataAdvertisement
UC23,CulturalHeritage
UC23,CulturalHeritageAgencyManager
UC23,CulturalHeritageChecker
UC23,CulturalHeritageCommonManager
UC23,CulturalHeritageVisitChecker
UC23,DBAgencyOperator
UC23,DBBanner
UC23,DBConnectionPool
UC23,DBConvention
UC23,DBCulturalHeritage
UC23,DBDish
UC23,DBGenericPreference
UC23,DBMenu
UC23,DBNews
UC23,DBRefreshmentPoint
UC23,DBRefreshmentPointOperator
UC23,DBTourist
UC23,DBVisitPR
UC23,FeedBackTableModel
UC23,News
UC23,NewsTableModelTest
UC23,OperatorAgency
UC23,RefreshmentPoint
UC23,RefreshmentPointAgencyManager
UC23,RefreshmentPointCommonManager
UC23,TagAgencyOperatorManager
UC23,TestoNewsRendererTest
UC23,Tourist
UC23,TouristAgencyManager
UC23,TouristCard
UC23,TouristClientManager
UC23,TouristCommonManager
UC24,AdvancedSearch
UC24,AdvertisementAgencyManager
UC24,Authentication
UC24,BannerDialog
UC24,BeanOperatorAgency
UC24,BeanOperatorRefreshmentPoint
UC24,BeanTourist
UC24,CardBC
UC24,CardPR
UC24,CulturalHeritage
UC24,CulturalHeritageAgencyManager
UC24,CulturalHeritageCommonManager
UC24,DBAgencyOperator
UC24,DBBanner
UC24,DBConnectionPool
UC24,DBRefreshmentPoint
UC24,DBRefreshmentPointOperator
UC24,DBSearchPreference
UC24,DBTourist
UC24,FeedBackTableModel
UC24,OperatorAgency
UC24,RefreshmentPoint
UC24,RefreshmentPointAgencyManager
UC24,RefreshmentPointCommonManager
UC24,ReportStatistic
UC24,Search
UC24,SiteTableModel
UC24,StandardSearch
UC24,TagAgencyOperatorManager
UC24,Tourist
UC24,TouristAgencyManager
UC24,TouristCard
UC24,TouristClientManager
UC25,AdvancedSearch
UC25,AdvertisementAgencyManager
UC25,Authentication
UC25,Banner
UC25,BeanConvention
UC25,BeanCulturalHeritage
UC25,BeanOperatorAgency
UC25,BeanOperatorRefreshmentPoint
UC25,BeanRefreshmentPoint
UC25,BeanTourist
UC25,CardBC
UC25,CardPR
UC25,CulturalHeritage
UC25,CulturalHeritageAgencyManager
UC25,CulturalHeritageCommonManager
UC25,DBAgencyOperator
UC25,DBBanner
UC25,DBConnectionPool
UC25,DBCulturalHeritage
UC25,DBLocationStatistic
UC25,DBRefreshmentPoint
UC25,DBRefreshmentPointOperator
UC25,DBSearchPreference
UC25,DBTourist
UC25,DBVisitBC
UC25,DBVisitPR
UC25,DeskManager
UC25,FeedBackTableModel
UC25,Fuzzy
UC25,News
UC25,OperatorAgency
UC25,RefreshmentPoint
UC25,RefreshmentPointAgencyManager
UC25,RefreshmentPointCommonManager
UC25,ReportStatistic
UC25,ReportTableModel
UC25,Search
UC25,SiteTableModel
UC25,StandardSearch
UC25,Tag
UC25,TagAgencyOperatorManager
UC25,Tourist
UC25,TouristAgencyManager
UC25,TouristCard
UC25,TouristClientManager
UC25,TouristTableModel
UC26,AdvancedSearch
UC26,AdvertisementAgencyManager
UC26,AdvertisementManager
UC26,Authentication
UC26,BeanNews
UC26,BeanOperatorAgency
UC26,BeanOperatorRefreshmentPoint
UC26,BeanTourist
UC26,BeanVisitBC
UC26,BeanVisitPR
UC26,CardBC
UC26,CardPR
UC26,ControlData
UC26,CulturalHeritage
UC26,CulturalHeritageAgencyManager
UC26,CulturalHeritageChecker
UC26,CulturalHeritageCommonManager
UC26,DBAgencyOperator
UC26,DBBanner
UC26,DBConnectionPool
UC26,DBConvention
UC26,DBCulturalHeritage
UC26,DBMenu
UC26,DBNews
UC26,DBRefreshmentPoint
UC26,DBRefreshmentPointOperator
UC26,DBSearchPreference
UC26,DBTourist
UC26,DBVisitPR
UC26,FeedBackTableModel
UC26,News
UC26,NewsTableModelTest
UC26,OperatorAgency
UC26,RefreshmentPoint
UC26,RefreshmentPointAgencyManager
UC26,RefreshmentPointCommonManager
UC26,ReportStatistic
UC26,Search
UC26,StandardSearch
UC26,TagAgencyOperatorManager
UC26,Tourist
UC26,TouristAgencyManager
UC26,TouristCard
UC26,TouristClientManager
UC26,TouristCommonManager
UC27,AdvancedSearch
UC27,Authentication
UC27,Banner
UC27,CardBC
UC27,ControlServerLauncher
UC27,CulturalHeritage
UC27,CulturalHeritageAgencyManager
UC27,DBAgencyOperator
UC27,DBCulturalHeritage
UC27,DBRefreshmentPoint
UC27,DBRefreshmentPointOperator
UC27,DBSearchPreference
UC27,DBVisitPR
UC27,FeedBackTableModel
UC27,RefreshmentPoint
UC27,RefreshmentPointAgencyManager
UC27,RefreshmentPointCommonManager
UC27,ReportStatistic
UC27,Search
UC27,StandardSearch
UC27,Tourist
UC27,TouristAgencyManager
UC27,TouristCard
UC27,TouristClientManager
UC27,TouristTableModel
UC28,AdvancedSearch
UC28,AdvertisementAgencyManager
UC28,Authentication
UC28,Banner
UC28,BeanOperatorAgency
UC28,BeanOperatorRefreshmentPoint
UC28,BeanTourist
UC28,CardBC
UC28,CardPR
UC28,ControlData
UC28,ControllDataAdvertisement
UC28,CulturalHeritage
UC28,CulturalHeritageAgencyManager
UC28,CulturalHeritageChecker
UC28,CulturalHeritageCommonManager
UC28,CulturalHeritageVisitChecker
UC28,DBAgencyOperator
UC28,DBConnectionPool
UC28,DBCulturalHeritage
UC28,DBGenericPreference
UC28,DBRefreshmentPoint
UC28,DBRefreshmentPointOperator
UC28,DBSearchPreference
UC28,DBTag
UC28,DBTourist
UC28,DBVisitPR
UC28,FeedBackTableModel
UC28,News
UC28,NewsTableModelTest
UC28,OperatorAgency
UC28,RefreshmentPoint
UC28,RefreshmentPointAgencyManager
UC28,Search
UC28,Tag
UC28,TagAgencyOperatorManager
UC28,TagCommonManager
UC28,TestoNewsRendererTest
UC28,Tourist
UC28,TouristAgencyManager
UC28,TouristCard
UC28,TouristClientManager
UC28,TouristCommonManager
UC29,AdvancedSearch
UC29,Authentication
UC29,Banner
UC29,BeanOperatorAgency
UC29,BeanOperatorRefreshmentPoint
UC29,BeanTourist
UC29,CardBC
UC29,CardPR
UC29,ControlData
UC29,ControllDataAdvertisement
UC29,CulturalHeritage
UC29,CulturalHeritageAgencyManager
UC29,CulturalHeritageChecker
UC29,CulturalHeritageCommonManager
UC29,CulturalHeritageVisitChecker
UC29,DBCulturalHeritage
UC29,DBGenericPreference
UC29,DBNews
UC29,DBRefreshmentPoint
UC29,DBTag
UC29,DBTourist
UC29,DeskManager
UC29,FeedBackTableModel
UC29,HelpManager
UC29,News
UC29,NewsTableModelTest
UC29,OperatorAgency
UC29,RefreshmentPoint
UC29,RefreshmentPointAgencyManager
UC29,RefreshmentPointCommonManager
UC29,Search
UC29,Tag
UC29,TagAgencyOperatorManager
UC29,TagCommonManager
UC29,TestoNewsRendererTest
UC29,Tourist
UC29,TouristAgencyManager
UC29,TouristCard
UC29,TouristClientManager
UC3,AdvancedSearch
UC3,AdvertisementAgencyManager
UC3,AdvertisementManager
UC3,Authentication
UC3,BeanCulturalHeritage
UC3,BeanNews
UC3,BeanOperatorAgency
UC3,BeanOperatorRefreshmentPoint
UC3,BeanTourist
UC3,BeanVisitBC
UC3,BeanVisitPR
UC3,CardBC
UC3,CardPR
UC3,ControlData
UC3,CulturalHeritage
UC3,CulturalHeritageAgencyManager
UC3,CulturalHeritageChecker
UC3,CulturalHeritageCommonManager
UC3,CulturalHeritageVisitChecker
UC3,DBAgencyOperator
UC3,DBBanner
UC3,DBConnectionPool
UC3,DBConvention
UC3,DBCulturalHeritage
UC3,DBNews
UC3,DBRefreshmentPointOperator
UC3,DBSearchPreference
UC3,DBTag
UC3,DBTourist
UC3,DBVisitPR
UC3,FeedBackTableModel
UC3,News
UC3,NewsTableModelTest
UC3,OperatorAgency
UC3,RefreshmentPoint
UC3,RefreshmentPointAgencyManager
UC3,RefreshmentPointCommonManager
UC3,Search
UC3,TagAgencyOperatorManager
UC3,Tourist
UC3,TouristAgencyManager
UC3,TouristCard
UC3,TouristClientManager
UC3,TouristCommonManager
UC3,TouristTableModel
UC30,AdvancedSearch
UC30,AdvertisementAgencyManager
UC30,Authentication
UC30,Banner
UC30,BeanOperatorAgency
UC30,BeanOperatorRefreshmentPoint
UC30,BeanTourist
UC30,CardBC
UC30,CardPR
UC30,ControlData
UC30,ControllDataAdvertisement
UC30,CulturalHeritage
UC30,CulturalHeritageAgencyManager
UC30,CulturalHeritageChecker
UC30,CulturalHeritageCommonManager
UC30,CulturalHeritageVisitChecker
UC30,DBAgencyOperator
UC30,DBConnectionPool
UC30,DBCulturalHeritage
UC30,DBGenericPreference
UC30,DBRefreshmentPointOperator
UC30,DBSearchPreference
UC30,DBTag
UC30,DBTourist
UC30,DBVisitPR
UC30,FeedBackTableModel
UC30,News
UC30,NewsTableModelTest
UC30,OperatorAgency
UC30,RefreshmentPoint
UC30,RefreshmentPointAgencyManager
UC30,RefreshmentPointCommonManager
UC30,Search
UC30,Tag
UC30,TagAgencyOperatorManager
UC30,TagCommonManager
UC30,TagTableModel
UC30,TestoNewsRendererTest
UC30,Tourist
UC30,TouristAgencyManager
UC30,TouristCard
UC30,TouristClientManager
UC30,TouristCommonManager
UC31,Authentication
UC31,BeanOperatorAgency
UC31,BeanOperatorRefreshmentPoint
UC31,BeanTourist
UC31,CardBC
UC31,CardPR
UC31,DBAgencyOperator
UC31,DBRefreshmentPointOperator
UC31,OperatorAgency
UC31,Tourist
UC31,TouristCard
UC31,TouristClientManager
UC32,AdvancedSearch
UC32,Authentication
UC32,BeanNews
UC32,BeanOperatorAgency
UC32,BeanOperatorRefreshmentPoint
UC32,BeanTourist
UC32,BeanVisitBC
UC32,BeanVisitPR
UC32,CardBC
UC32,CardPR
UC32,ControlData
UC32,ControllDataAdvertisement
UC32,CulturalHeritage
UC32,CulturalHeritageChecker
UC32,CulturalHeritageCommonManager
UC32,CulturalHeritageVisitChecker
UC32,DBAgencyOperator
UC32,DBBanner
UC32,DBConvention
UC32,DBCulturalHeritage
UC32,DBGenericPreference
UC32,DBNews
UC32,DBRefreshmentPointOperator
UC32,NewsTableModelTest
UC32,OperatorAgency
UC32,RefreshmentPointAgencyManager
UC32,RefreshmentPointCommonManager
UC32,Tag
UC32,TagAgencyOperatorManager
UC32,TestoNewsRendererTest
UC32,Tourist
UC32,TouristAgencyManager
UC32,TouristCard
UC32,TouristClientManager
UC33,AdvancedSearch
UC33,AdvertisementManager
UC33,Authentication
UC33,Banner
UC33,BeanNews
UC33,BeanOperatorAgency
UC33,BeanOperatorRefreshmentPoint
UC33,BeanTourist
UC33,BeanVisitBC
UC33,BeanVisitPR
UC33,CardBC
UC33,CardPR
UC33,ControlData
UC33,ControllDataAdvertisement
UC33,CulturalHeritage
UC33,CulturalHeritageAgencyManager
UC33,CulturalHeritageChecker
UC33,CulturalHeritageCommonManager
UC33,CulturalHeritageVisitChecker
UC33,DBBanner
UC33,DBConnectionPool
UC33,DBConvention
UC33,DBCulturalHeritage
UC33,DBGenericPreference
UC33,DBNews
UC33,DBRefreshmentPoint
UC33,DBRefreshmentPointOperator
UC33,DBTourist
UC33,DBVisitPR
UC33,FeedBackTableModel
UC33,News
UC33,NewsTableModelTest
UC33,OperatorAgency
UC33,RefreshmentPointAgencyManager
UC33,RefreshmentPointCommonManager
UC33,TagAgencyOperatorManager
UC33,TestoNewsRendererTest
UC33,Tourist
UC33,TouristAgencyManager
UC33,TouristCard
UC33,TouristClientManager
UC33,TouristCommonManager
UC33,TouristTableModel
UC34,AdvancedSearch
UC34,Authentication
UC34,Banner
UC34,BeanCulturalHeritage
UC34,BeanOperatorAgency
UC34,BeanOperatorRefreshmentPoint
UC34,BeanRefreshmentPoint
UC34,BeanTourist
UC34,CardBC
UC34,CardPR
UC34,ControlData
UC34,ControllDataAdvertisement
UC34,CulturalHeritage
UC34,CulturalHeritageAgencyManager
UC34,CulturalHeritageChecker
UC34,CulturalHeritageCommonManager
UC34,CulturalHeritageVisitChecker
UC34,DBConnectionPool
UC34,DBCulturalHeritage
UC34,DBGenericPreference
UC34,DBLocationStatistic
UC34,DBRefreshmentPoint
UC34,DBSearchPreference
UC34,DBTourist
UC34,DBVisitPR
UC34,FeedBackTableModel
UC34,News
UC34,NewsTableModelTest
UC34,OperatorAgency
UC34,RefreshmentPoint
UC34,Search
UC34,StandardSearch
UC34,TagAgencyOperatorManager
UC34,TestoNewsRendererTest
UC34,Tourist
UC34,TouristAgencyManager
UC34,TouristCard
UC34,TouristClientManager
UC34,TouristCommonManager
UC35,AdvancedSearch
UC35,Authentication
UC35,Banner
UC35,BeanOperatorAgency
UC35,BeanOperatorRefreshmentPoint
UC35,BeanTourist
UC35,CardBC
UC35,CardPR
UC35,ControlData
UC35,ControlServerLauncher
UC35,ControllDataAdvertisement
UC35,CulturalHeritage
UC35,CulturalHeritageAgencyManager
UC35,CulturalHeritageChecker
UC35,CulturalHeritageCommonManager
UC35,CulturalHeritageVisitChecker
UC35,DBAgencyOperator
UC35,DBConnectionPool
UC35,DBGenericPreference
UC35,DBRefreshmentPointOperator
UC35,DBTourist
UC35,DBVisitPR
UC35,DeskManager
UC35,FeedBackTableModel
UC35,News
UC35,NewsTableModelTest
UC35,OperatorAgency
UC35,RefreshmentPoint
UC35,RefreshmentPointAgencyManager
UC35,Search
UC35,Tag
UC35,TagAgencyOperatorManager
UC35,TestoNewsRendererTest
UC35,Tourist
UC35,TouristAgencyManager
UC35,TouristCard
UC35,TouristClientManager
UC35,TouristCommonManager
UC36,Authentication
UC36,Banner
UC36,BeanOperatorAgency
UC36,BeanOperatorRefreshmentPoint
UC36,BeanTourist
UC36,CardBC
UC36,CardPR
UC36,ControlData
UC36,ControllDataAdvertisement
UC36,CulturalHeritage
UC36,CulturalHeritageChecker
UC36,CulturalHeritageCommonManager
UC36,CulturalHeritageVisitChecker
UC36,DBAgencyOperator
UC36,DBGenericPreference
UC36,DBNews
UC36,DBTourist
UC36,DeskManager
UC36,FeedBackTableModel
UC36,News
UC36,NewsTableModelTest
UC36,OperatorAgency
UC36,RefreshmentPointAgencyManager
UC36,RefreshmentPointCommonManager
UC36,Search
UC36,Tag
UC36,TagAgencyOperatorManager
UC36,TestoNewsRendererTest
UC36,Tourist
UC36,TouristAgencyManager
UC36,TouristCard
UC36,TouristClientManager
UC37,Authentication
UC37,Banner
UC37,BeanCulturalHeritage
UC37,BeanOperatorAgency
UC37,BeanOperatorRefreshmentPoint
UC37,BeanRefreshmentPoint
UC37,BeanTourist
UC37,CardBC
UC37,CardPR
UC37,ControlData
UC37,ControllDataAdvertisement
UC37,CulturalHeritage
UC37,CulturalHeritageChecker
UC37,CulturalHeritageCommonManager
UC37,CulturalHeritageVisitChecker
UC37,DBAgencyOperator
UC37,DBConnectionPool
UC37,DBGenericPreference
UC37,DBNews
UC37,DBRefreshmentPoint
UC37,DBRefreshmentPointOperator
UC37,DBTourist
UC37,FeedBackTableModel
UC37,NewsTableModelTest
UC37,OperatorAgency
UC37,RefreshmentPointCommonManager
UC37,Tag
UC37,TagAgencyOperatorManager
UC37,TestoNewsRendererTest
UC37,Tourist
UC37,TouristAgencyManager
UC37,TouristCard
UC37,TouristClientManager
UC38,AdvancedSearch
UC38,AdvertisementManager
UC38,Authentication
UC38,Banner
UC38,BannerDialog
UC38,BannerNode
UC38,BeanBanner
UC38,BeanConvention
UC38,BeanOperatorAgency
UC38,BeanOperatorRefreshmentPoint
UC38,BeanTourist
UC38,CardBC
UC38,CardPR
UC38,ControlData
UC38,ControllDataAdvertisement
UC38,CulturalHeritage
UC38,CulturalHeritageAgencyManager
UC38,CulturalHeritageChecker
UC38,CulturalHeritageCommonManager
UC38,CulturalHeritageVisitChecker
UC38,DBBanner
UC38,DBConnectionPool
UC38,DBDish
UC38,DBGenericPreference
UC38,DBMenu
UC38,DBNews
UC38,DBRefreshmentPoint
UC38,DBRefreshmentPointOperator
UC38,DBSearchPreference
UC38,DBTourist
UC38,DBVisitBC
UC38,DBVisitPR
UC38,FeedBackTableModel
UC38,News
UC38,NewsTableModelTest
UC38,OperatorAgency
UC38,RefreshmentPoint
UC38,RefreshmentPointAgencyManager
UC38,RefreshmentPointCommonManager
UC38,TagAgencyOperatorManager
UC38,TestoNewsRendererTest
UC38,Tourist
UC38,TouristAgencyManager
UC38,TouristCard
UC38,TouristClientManager
UC38,TouristCommonManager
UC39,AdvancedSearch
UC39,AdvertisementAgencyManager
UC39,AdvertisementManager
UC39,Authentication
UC39,Banner
UC39,BannerDialog
UC39,BannerNode
UC39,BeanBanner
UC39,BeanNews
UC39,BeanOperatorAgency
UC39,BeanOperatorRefreshmentPoint
UC39,BeanTourist
UC39,BeanVisitBC
UC39,BeanVisitPR
UC39,CardBC
UC39,CardPR
UC39,ControlData
UC39,ControllDataAdvertisement
UC39,CulturalHeritage
UC39,CulturalHeritageAgencyManager
UC39,CulturalHeritageChecker
UC39,CulturalHeritageCommonManager
UC39,CulturalHeritageVisitChecker
UC39,DBBanner
UC39,DBConnectionPool
UC39,DBConvention
UC39,DBCulturalHeritage
UC39,DBDish
UC39,DBGenericPreference
UC39,DBMenu
UC39,DBNews
UC39,DBRefreshmentPoint
UC39,DBRefreshmentPointOperator
UC39,DBTourist
UC39,DBVisitPR
UC39,FeedBackTableModel
UC39,News
UC39,NewsTableModelTest
UC39,OperatorAgency
UC39,RefreshmentPointAgencyManager
UC39,RefreshmentPointCommonManager
UC39,TagAgencyOperatorManager
UC39,TestoNewsRendererTest
UC39,Tourist
UC39,TouristAgencyManager
UC39,TouristCard
UC39,TouristClientManager
UC39,TouristCommonManager
UC4,AdvancedSearch
UC4,Authentication
UC4,Banner
UC4,BeanVisitBC
UC4,CardBC
UC4,ControlServerLauncher
UC4,CulturalHeritage
UC4,CulturalHeritageAgencyManager
UC4,CulturalHeritageCommonManager
UC4,DBAgencyOperator
UC4,DBConnectionPool
UC4,DBCulturalHeritage
UC4,DBRefreshmentPoint
UC4,DBRefreshmentPointOperator
UC4,DBSearchPreference
UC4,DBTag
UC4,DBTourist
UC4,DBVisitPR
UC4,FeedBackTableModel
UC4,News
UC4,RefreshmentPoint
UC4,RefreshmentPointAgencyManager
UC4,RefreshmentPointCommonManager
UC4,Search
UC4,StandardSearch
UC4,Tourist
UC4,TouristAgencyManager
UC4,TouristCard
UC4,TouristClientManager
UC4,TouristCommonManager
UC4,TouristTableModel
UC40,AdvancedSearch
UC40,AdvertisementManager
UC40,Authentication
UC40,Banner
UC40,BannerDialog
UC40,BannerNode
UC40,BeanBanner
UC40,BeanNews
UC40,BeanOperatorAgency
UC40,BeanOperatorRefreshmentPoint
UC40,BeanTourist
UC40,BeanVisitBC
UC40,BeanVisitPR
UC40,CardBC
UC40,CardPR
UC40,ControlData
UC40,ControllDataAdvertisement
UC40,CulturalHeritage
UC40,CulturalHeritageAgencyManager
UC40,CulturalHeritageChecker
UC40,CulturalHeritageCommonManager
UC40,CulturalHeritageVisitChecker
UC40,DBBanner
UC40,DBConnectionPool
UC40,DBConvention
UC40,DBCulturalHeritage
UC40,DBDish
UC40,DBGenericPreference
UC40,DBMenu
UC40,DBNews
UC40,DBRefreshmentPoint
UC40,DBRefreshmentPointOperator
UC40,DBTourist
UC40,DBVisitPR
UC40,FeedBackTableModel
UC40,News
UC40,NewsTableModelTest
UC40,OperatorAgency
UC40,RefreshmentPointAgencyManager
UC40,RefreshmentPointCommonManager
UC40,TagAgencyOperatorManager
UC40,TestoNewsRendererTest
UC40,Tourist
UC40,TouristAgencyManager
UC40,TouristCard
UC40,TouristClientManager
UC40,TouristCommonManager
UC41,AdvancedSearch
UC41,AdvertisementAgencyManager
UC41,AdvertisementManager
UC41,Authentication
UC41,Banner
UC41,BeanConvention
UC41,BeanCulturalHeritage
UC41,BeanDish
UC41,BeanMenu
UC41,BeanNews
UC41,BeanOperatorAgency
UC41,BeanOperatorRefreshmentPoint
UC41,BeanRefreshmentPoint
UC41,BeanTourist
UC41,BeanVisitBC
UC41,BeanVisitPR
UC41,CardBC
UC41,CardPR
UC41,ControlData
UC41,ControllDataAdvertisement
UC41,CulturalHeritage
UC41,CulturalHeritageAgencyManager
UC41,CulturalHeritageChecker
UC41,CulturalHeritageCommonManager
UC41,CulturalHeritageVisitChecker
UC41,DBBanner
UC41,DBConnectionPool
UC41,DBConvention
UC41,DBCulturalHeritage
UC41,DBDish
UC41,DBGenericPreference
UC41,DBMenu
UC41,DBNews
UC41,DBRefreshmentPoint
UC41,DBRefreshmentPointOperator
UC41,DBTourist
UC41,DBVisitPR
UC41,DeskManager
UC41,FeedBackTableModel
UC41,News
UC41,NewsTableModelTest
UC41,OperatorAgency
UC41,RefreshmentPoint
UC41,RefreshmentPointAgencyManager
UC41,RefreshmentPointCommonManager
UC41,ReportStatistic
UC41,TagAgencyOperatorManager
UC41,TestoNewsRendererTest
UC41,Tourist
UC41,TouristAgencyManager
UC41,TouristCard
UC41,TouristClientManager
UC41,TouristCommonManager
UC41,TouristTableModel
UC42,AdvancedSearch
UC42,AdvertisementManager
UC42,Authentication
UC42,Banner
UC42,BeanConvention
UC42,BeanCulturalHeritage
UC42,BeanDish
UC42,BeanMenu
UC42,BeanNews
UC42,BeanOperatorAgency
UC42,BeanOperatorRefreshmentPoint
UC42,BeanRefreshmentPoint
UC42,BeanTourist
UC42,BeanVisitBC
UC42,BeanVisitPR
UC42,CardBC
UC42,CardPR
UC42,ControlData
UC42,ControllDataAdvertisement
UC42,CulturalHeritage
UC42,CulturalHeritageAgencyManager
UC42,CulturalHeritageChecker
UC42,CulturalHeritageCommonManager
UC42,CulturalHeritageVisitChecker
UC42,DBBanner
UC42,DBConnectionPool
UC42,DBConvention
UC42,DBCulturalHeritage
UC42,DBDish
UC42,DBGenericPreference
UC42,DBMenu
UC42,DBNews
UC42,DBRefreshmentPoint
UC42,DBRefreshmentPointOperator
UC42,DBSearchPreference
UC42,DBTourist
UC42,DBVisitPR
UC42,FeedBackTableModel
UC42,News
UC42,NewsTableModelTest
UC42,OperatorAgency
UC42,RefreshmentPoint
UC42,RefreshmentPointAgencyManager
UC42,RefreshmentPointCommonManager
UC42,Tag
UC42,TagAgencyOperatorManager
UC42,TestoNewsRendererTest
UC42,Tourist
UC42,TouristAgencyManager
UC42,TouristCard
UC42,TouristClientManager
UC42,TouristCommonManager
UC43,AdvancedSearch
UC43,AdvertisementAgencyManager
UC43,AdvertisementManager
UC43,Authentication
UC43,BeanBanner
UC43,BeanConvention
UC43,BeanCulturalHeritage
UC43,BeanMenu
UC43,BeanNews
UC43,BeanOperatorAgency
UC43,BeanOperatorRefreshmentPoint
UC43,BeanRefreshmentPoint
UC43,BeanTourist
UC43,BeanVisitBC
UC43,BeanVisitPR
UC43,CardBC
UC43,CardPR
UC43,ControlData
UC43,ControllDataAdvertisement
UC43,CulturalHeritage
UC43,CulturalHeritageAgencyManager
UC43,CulturalHeritageChecker
UC43,CulturalHeritageCommonManager
UC43,CulturalHeritageVisitChecker
UC43,DBBanner
UC43,DBConnectionPool
UC43,DBConvention
UC43,DBCulturalHeritage
UC43,DBGenericPreference
UC43,DBMenu
UC43,DBNews
UC43,DBRefreshmentPoint
UC43,DBRefreshmentPointOperator
UC43,DBTag
UC43,DBTourist
UC43,DBVisitPR
UC43,FeedBackTableModel
UC43,News
UC43,NewsTableModelTest
UC43,OperatorAgency
UC43,RefreshmentPoint
UC43,RefreshmentPointAgencyManager
UC43,RefreshmentPointCommonManager
UC43,ReportStatistic
UC43,Search
UC43,SiteTableModel
UC43,TagAgencyOperatorManager
UC43,TestoNewsRendererTest
UC43,Tourist
UC43,TouristAgencyManager
UC43,TouristCard
UC43,TouristClientManager
UC43,TouristCommonManager
UC43,TouristTableModel
UC44,AdvancedSearch
UC44,AdvertisementManager
UC44,Authentication
UC44,BeanConvention
UC44,BeanNews
UC44,BeanOperatorAgency
UC44,BeanOperatorRefreshmentPoint
UC44,BeanTourist
UC44,BeanVisitBC
UC44,BeanVisitPR
UC44,CardBC
UC44,CardPR
UC44,ControlData
UC44,ControllDataAdvertisement
UC44,CulturalHeritage
UC44,CulturalHeritageAgencyManager
UC44,CulturalHeritageChecker
UC44,CulturalHeritageCommonManager
UC44,CulturalHeritageVisitChecker
UC44,DBBanner
UC44,DBConnectionPool
UC44,DBConvention
UC44,DBCulturalHeritage
UC44,DBGenericPreference
UC44,DBMenu
UC44,DBNews
UC44,DBRefreshmentPoint
UC44,DBRefreshmentPointOperator
UC44,DBSearchPreference
UC44,DBTourist
UC44,DBVisitPR
UC44,FeedBackTableModel
UC44,News
UC44,NewsTableModelTest
UC44,OperatorAgency
UC44,RefreshmentPoint
UC44,RefreshmentPointAgencyManager
UC44,RefreshmentPointCommonManager
UC44,TagAgencyOperatorManager
UC44,TestoNewsRendererTest
UC44,Tourist
UC44,TouristAgencyManager
UC44,TouristCard
UC44,TouristClientManager
UC44,TouristCommonManager
UC44,TouristTableModel
UC45,AdvertisementManager
UC45,Authentication
UC45,BeanOperatorAgency
UC45,BeanOperatorRefreshmentPoint
UC45,BeanTourist
UC45,CardBC
UC45,CardPR
UC45,ControlData
UC45,ControlServerLauncher
UC45,ControllDataAdvertisement
UC45,CulturalHeritage
UC45,CulturalHeritageChecker
UC45,CulturalHeritageCommonManager
UC45,CulturalHeritageVisitChecker
UC45,DBAgencyOperator
UC45,DBConnectionPool
UC45,DBGenericPreference
UC45,DBLocationStatistic
UC45,DBMenu
UC45,DBRefreshmentPoint
UC45,DBRefreshmentPointOperator
UC45,DBTourist
UC45,DBVisitPR
UC45,FeedBackTableModel
UC45,News
UC45,NewsTableModelTest
UC45,OperatorAgency
UC45,RefreshmentPoint
UC45,RefreshmentPointAgencyManager
UC45,RefreshmentPointCommonManager
UC45,ReportStatistic
UC45,TagAgencyOperatorManager
UC45,TestoNewsRendererTest
UC45,Tourist
UC45,TouristAgencyManager
UC45,TouristCard
UC45,TouristClientManager
UC45,TouristCommonManager
UC46,AdvancedSearch
UC46,Authentication
UC46,Banner
UC46,BeanGenericPreference
UC46,BeanNews
UC46,BeanOperatorAgency
UC46,BeanOperatorRefreshmentPoint
UC46,BeanSearchPreference
UC46,BeanTourist
UC46,BeanVisitBC
UC46,BeanVisitPR
UC46,CardBC
UC46,CardPR
UC46,ControlData
UC46,ControllDataAdvertisement
UC46,CulturalHeritage
UC46,CulturalHeritageAgencyManager
UC46,CulturalHeritageChecker
UC46,CulturalHeritageCommonManager
UC46,CulturalHeritageVisitChecker
UC46,DBBanner
UC46,DBConnectionPool
UC46,DBConvention
UC46,DBCulturalHeritage
UC46,DBGenericPreference
UC46,DBNews
UC46,DBRefreshmentPoint
UC46,DBSearchPreference
UC46,DBTourist
UC46,DBVisitPR
UC46,FeedBackTableModel
UC46,News
UC46,NewsTableModelTest
UC46,OperatorAgency
UC46,RefreshmentPoint
UC46,RefreshmentPointAgencyManager
UC46,RefreshmentPointCommonManager
UC46,Search
UC46,StandardSearch
UC46,TagAgencyOperatorManager
UC46,TestoNewsRendererTest
UC46,Tourist
UC46,TouristAgencyManager
UC46,TouristCard
UC46,TouristClientManager
UC46,TouristCommonManager
UC46,TouristTableModel
UC47,AdvancedSearch
UC47,AdvertisementAgencyManager
UC47,AdvertisementManager
UC47,Authentication
UC47,Banner
UC47,BeanGenericPreference
UC47,BeanNews
UC47,BeanOperatorAgency
UC47,BeanOperatorRefreshmentPoint
UC47,BeanTourist
UC47,BeanVisitBC
UC47,BeanVisitPR
UC47,CardBC
UC47,CardPR
UC47,ControlData
UC47,ControllDataAdvertisement
UC47,CulturalHeritage
UC47,CulturalHeritageAgencyManager
UC47,CulturalHeritageChecker
UC47,CulturalHeritageCommonManager
UC47,CulturalHeritageVisitChecker
UC47,DBAgencyOperator
UC47,DBBanner
UC47,DBConnectionPool
UC47,DBConvention
UC47,DBCulturalHeritage
UC47,DBDish
UC47,DBGenericPreference
UC47,DBMenu
UC47,DBNews
UC47,DBRefreshmentPoint
UC47,DBRefreshmentPointOperator
UC47,DBTourist
UC47,DBVisitPR
UC47,FeedBackTableModel
UC47,News
UC47,NewsTableModelTest
UC47,OperatorAgency
UC47,RefreshmentPointAgencyManager
UC47,RefreshmentPointCommonManager
UC47,ReportStatistic
UC47,Search
UC47,TagAgencyOperatorManager
UC47,TestoNewsRendererTest
UC47,Tourist
UC47,TouristAgencyManager
UC47,TouristCard
UC47,TouristClientManager
UC47,TouristCommonManager
UC47,TouristTableModel
UC48,AdvancedSearch
UC48,AdvertisementManager
UC48,Authentication
UC48,Banner
UC48,BeanGenericPreference
UC48,BeanNews
UC48,BeanOperatorAgency
UC48,BeanOperatorRefreshmentPoint
UC48,BeanSearchPreference
UC48,BeanTourist
UC48,BeanVisitBC
UC48,BeanVisitPR
UC48,CardBC
UC48,CardPR
UC48,ControlData
UC48,ControllDataAdvertisement
UC48,CulturalHeritage
UC48,CulturalHeritageAgencyManager
UC48,CulturalHeritageChecker
UC48,CulturalHeritageCommonManager
UC48,CulturalHeritageVisitChecker
UC48,DBBanner
UC48,DBConnectionPool
UC48,DBConvention
UC48,DBCulturalHeritage
UC48,DBGenericPreference
UC48,DBMenu
UC48,DBNews
UC48,DBRefreshmentPointOperator
UC48,DBSearchPreference
UC48,DBTourist
UC48,DBVisitPR
UC48,FeedBackTableModel
UC48,News
UC48,NewsTableModelTest
UC48,OperatorAgency
UC48,RefreshmentPointAgencyManager
UC48,RefreshmentPointCommonManager
UC48,Search
UC48,TagAgencyOperatorManager
UC48,TestoNewsRendererTest
UC48,Tourist
UC48,TouristAgencyManager
UC48,TouristCard
UC48,TouristClientManager
UC48,TouristCommonManager
UC48,TouristTableModel
UC49,AdvancedSearch
UC49,Authentication
UC49,Banner
UC49,BannerDialog
UC49,BeanGenericPreference
UC49,BeanOperatorAgency
UC49,BeanOperatorRefreshmentPoint
UC49,BeanTourist
UC49,CardBC
UC49,CardPR
UC49,ControlData
UC49,ControllDataAdvertisement
UC49,CulturalHeritage
UC49,CulturalHeritageChecker
UC49,CulturalHeritageCommonManager
UC49,CulturalHeritageVisitChecker
UC49,DBConnectionPool
UC49,DBConvention
UC49,DBGenericPreference
UC49,DBRefreshmentPoint
UC49,DBSearchPreference
UC49,DBTag
UC49,DBTourist
UC49,DBVisitBC
UC49,DBVisitPR
UC49,FeedBackTableModel
UC49,Fuzzy
UC49,NewsTableModelTest
UC49,OperatorAgency
UC49,ReportStatistic
UC49,Search
UC49,TagAgencyOperatorManager
UC49,TestoNewsRendererTest
UC49,Tourist
UC49,TouristAgencyManager
UC49,TouristCard
UC49,TouristClientManager
UC49,TouristCommonManager
UC5,AdvancedSearch
UC5,AdvertisementAgencyManager
UC5,Authentication
UC5,BeanOperatorAgency
UC5,BeanOperatorRefreshmentPoint
UC5,BeanTourist
UC5,BeanVisitBC
UC5,CardBC
UC5,CardPR
UC5,ControlData
UC5,ControllDataAdvertisement
UC5,CulturalHeritage
UC5,CulturalHeritageAgencyManager
UC5,CulturalHeritageChecker
UC5,CulturalHeritageCommonManager
UC5,CulturalHeritageVisitChecker
UC5,DBAgencyOperator
UC5,DBConnectionPool
UC5,DBCulturalHeritage
UC5,DBGenericPreference
UC5,DBRefreshmentPointOperator
UC5,DBSearchPreference
UC5,DBTag
UC5,DBTourist
UC5,DBVisitPR
UC5,FeedBackTableModel
UC5,NewsTableModelTest
UC5,OperatorAgency
UC5,RefreshmentPoint
UC5,RefreshmentPointAgencyManager
UC5,ReportStatistic
UC5,Search
UC5,TagAgencyOperatorManager
UC5,TestoNewsRendererTest
UC5,Tourist
UC5,TouristAgencyManager
UC5,TouristCard
UC5,TouristClientManager
UC5,TouristCommonManager
UC50,AdvancedSearch
UC50,Authentication
UC50,BeanGenericPreference
UC50,BeanOperatorAgency
UC50,BeanOperatorRefreshmentPoint
UC50,BeanTourist
UC50,BeanVisitPR
UC50,CardBC
UC50,CardPR
UC50,ControlData
UC50,ControllDataAdvertisement
UC50,CulturalHeritage
UC50,CulturalHeritageChecker
UC50,CulturalHeritageCommonManager
UC50,CulturalHeritageVisitChecker
UC50,DBConnectionPool
UC50,DBGenericPreference
UC50,DBTourist
UC50,DBVisitBC
UC50,DBVisitPR
UC50,FeedBackTableModel
UC50,NewsTableModelTest
UC50,OperatorAgency
UC50,RefreshmentPointAgencyManager
UC50,RefreshmentPointCommonManager
UC50,ReportStatistic
UC50,Search
UC50,StandardSearch
UC50,TagAgencyOperatorManager
UC50,TestoNewsRendererTest
UC50,Tourist
UC50,TouristAgencyManager
UC50,TouristCard
UC50,TouristClientManager
UC50,TouristCommonManager
UC50,TouristTableModel
UC51,AdvertisementManager
UC51,Authentication
UC51,Banner
UC51,BeanGenericPreference
UC51,BeanOperatorAgency
UC51,BeanOperatorRefreshmentPoint
UC51,BeanTourist
UC51,CardBC
UC51,CardPR
UC51,ControlData
UC51,ControllDataAdvertisement
UC51,CulturalHeritage
UC51,CulturalHeritageChecker
UC51,CulturalHeritageCommonManager
UC51,CulturalHeritageVisitChecker
UC51,DBGenericPreference
UC51,DBMenu
UC51,DBRefreshmentPoint
UC51,DBRefreshmentPointOperator
UC51,DBSearchPreference
UC51,DBTourist
UC51,DBVisitPR
UC51,FeedBackTableModel
UC51,News
UC51,NewsTableModelTest
UC51,OperatorAgency
UC51,RefreshmentPoint
UC51,RefreshmentPointCommonManager
UC51,ReportStatistic
UC51,Search
UC51,TagAgencyOperatorManager
UC51,TestoNewsRendererTest
UC51,Tourist
UC51,TouristAgencyManager
UC51,TouristCard
UC51,TouristClientManager
UC51,TouristCommonManager
UC51,TouristTableModel
UC52,AdvertisementAgencyManager
UC52,AdvertisementManager
UC52,Authentication
UC52,Banner
UC52,BeanGenericPreference
UC52,BeanOperatorAgency
UC52,BeanOperatorRefreshmentPoint
UC52,BeanTourist
UC52,CardBC
UC52,CardPR
UC52,ControlData
UC52,ControllDataAdvertisement
UC52,CulturalHeritage
UC52,CulturalHeritageAgencyManager
UC52,CulturalHeritageChecker
UC52,CulturalHeritageCommonManager
UC52,CulturalHeritageVisitChecker
UC52,DBGenericPreference
UC52,DBMenu
UC52,DBRefreshmentPoint
UC52,DBRefreshmentPointOperator
UC52,DBSearchPreference
UC52,DBTourist
UC52,FeedBackTableModel
UC52,News
UC52,NewsTableModelTest
UC52,OperatorAgency
UC52,RefreshmentPoint
UC52,RefreshmentPointAgencyManager
UC52,Search
UC52,TagAgencyOperatorManager
UC52,TestoNewsRendererTest
UC52,Tourist
UC52,TouristAgencyManager
UC52,TouristCard
UC52,TouristClientManager
UC52,TouristCommonManager
UC52,TouristTableModel
UC53,AdvancedSearch
UC53,Authentication
UC53,Banner
UC53,BeanGenericPreference
UC53,BeanOperatorAgency
UC53,BeanOperatorRefreshmentPoint
UC53,BeanTourist
UC53,BeanVisitBC
UC53,BeanVisitPR
UC53,CardBC
UC53,CardPR
UC53,ControlData
UC53,ControllDataAdvertisement
UC53,CulturalHeritage
UC53,CulturalHeritageChecker
UC53,CulturalHeritageCommonManager
UC53,CulturalHeritageVisitChecker
UC53,DBBanner
UC53,DBGenericPreference
UC53,DBSearchPreference
UC53,DBTourist
UC53,DBVisitBC
UC53,DBVisitPR
UC53,DeskManager
UC53,FeedBackTableModel
UC53,News
UC53,NewsTableModelTest
UC53,OperatorAgency
UC53,RefreshmentPoint
UC53,RefreshmentPointAgencyManager
UC53,RefreshmentPointCommonManager
UC53,ReportStatistic
UC53,Search
UC53,TagAgencyOperatorManager
UC53,TestoNewsRendererTest
UC53,Tourist
UC53,TouristAgencyManager
UC53,TouristCard
UC53,TouristClientManager
UC53,TouristCommonManager
UC53,TouristTableModel
UC54,AdvancedSearch
UC54,AdvertisementAgencyManager
UC54,Authentication
UC54,BeanGenericPreference
UC54,BeanOperatorAgency
UC54,BeanOperatorRefreshmentPoint
UC54,BeanTourist
UC54,BeanVisitBC
UC54,BeanVisitPR
UC54,CardBC
UC54,CardPR
UC54,ControlData
UC54,ControllDataAdvertisement
UC54,CulturalHeritage
UC54,CulturalHeritageAgencyManager
UC54,CulturalHeritageChecker
UC54,CulturalHeritageCommonManager
UC54,CulturalHeritageVisitChecker
UC54,DBGenericPreference
UC54,DBMenu
UC54,DBRefreshmentPoint
UC54,DBRefreshmentPointOperator
UC54,DBTourist
UC54,DBVisitPR
UC54,FeedBackTableModel
UC54,NewsTableModelTest
UC54,OperatorAgency
UC54,RefreshmentPointAgencyManager
UC54,RefreshmentPointCommonManager
UC54,ReportStatistic
UC54,Search
UC54,TagAgencyOperatorManager
UC54,TestoNewsRendererTest
UC54,Tourist
UC54,TouristAgencyManager
UC54,TouristCard
UC54,TouristClientManager
UC54,TouristCommonManager
UC54,TouristTableModel
UC55,Authentication
UC55,Banner
UC55,BeanOperatorAgency
UC55,BeanOperatorRefreshmentPoint
UC55,BeanTourist
UC55,CardBC
UC55,CardPR
UC55,ControlData
UC55,ControllDataAdvertisement
UC55,CulturalHeritage
UC55,CulturalHeritageChecker
UC55,CulturalHeritageCommonManager
UC55,CulturalHeritageVisitChecker
UC55,DBGenericPreference
UC55,DBNews
UC55,DBTourist
UC55,DeskManager
UC55,FeedBackTableModel
UC55,News
UC55,NewsTableModelTest
UC55,OperatorAgency
UC55,RefreshmentPointAgencyManager
UC55,RefreshmentPointCommonManager
UC55,ReportStatistic
UC55,Search
UC55,Tag
UC55,TagAgencyOperatorManager
UC55,TestoNewsRendererTest
UC55,Tourist
UC55,TouristAgencyManager
UC55,TouristCard
UC55,TouristClientManager
UC56,AdvancedSearch
UC56,BeanCulturalHeritage
UC56,BeanNews
UC56,BeanRefreshmentPoint
UC56,BeanTourist
UC56,CardBC
UC56,CardPR
UC56,CulturalHeritage
UC56,DBCulturalHeritage
UC56,DBRefreshmentPoint
UC56,DBSearchPreference
UC56,DBTourist
UC56,Point3D
UC56,RefreshmentPoint
UC56,Search
UC56,SiteTableModel
UC56,StandardSearch
UC56,TagTableModel
UC56,Tourist
UC56,TouristAgencyManager
UC56,TouristCard
UC56,TouristClientManager
UC56,TouristCommonManager
UC57,AdvancedSearch
UC57,Authentication
UC57,Banner
UC57,BeanGenericPreference
UC57,BeanOperatorAgency
UC57,BeanOperatorRefreshmentPoint
UC57,BeanTourist
UC57,CardBC
UC57,CardPR
UC57,CulturalHeritage
UC57,DBConnectionPool
UC57,DBCulturalHeritage
UC57,DBLocationStatistic
UC57,DBRefreshmentPoint
UC57,DBSearchPreference
UC57,DBTourist
UC57,DBVisitPR
UC57,FeedBackTableModel
UC57,OperatorAgency
UC57,RefreshmentPoint
UC57,Search
UC57,StandardSearch
UC57,Tourist
UC57,TouristAgencyManager
UC57,TouristCard
UC57,TouristClientManager
UC57,TouristCommonManager
UC58,AdvancedSearch
UC58,Authentication
UC58,Banner
UC58,BeanTourist
UC58,CardBC
UC58,CardPR
UC58,ControlData
UC58,ControllDataAdvertisement
UC58,CulturalHeritage
UC58,CulturalHeritageChecker
UC58,CulturalHeritageCommonManager
UC58,CulturalHeritageVisitChecker
UC58,DBConnectionPool
UC58,DBGenericPreference
UC58,DBRefreshmentPoint
UC58,DBTourist
UC58,DBVisitPR
UC58,FeedBackTableModel
UC58,News
UC58,NewsTableModelTest
UC58,RefreshmentPoint
UC58,RefreshmentPointAgencyManager
UC58,ReportStatistic
UC58,Search
UC58,StandardSearch
UC58,TagAgencyOperatorManager
UC58,TestoNewsRendererTest
UC58,Tourist
UC58,TouristAgencyManager
UC58,TouristCard
UC58,TouristClientManager
UC58,TouristCommonManager
UC58,TouristTableModel
UC6,AdvancedSearch
UC6,Authentication
UC6,Banner
UC6,BeanOperatorAgency
UC6,BeanOperatorRefreshmentPoint
UC6,BeanTourist
UC6,CardBC
UC6,CardPR
UC6,ControlData
UC6,ControllDataAdvertisement
UC6,CulturalHeritage
UC6,CulturalHeritageAgencyManager
UC6,CulturalHeritageChecker
UC6,CulturalHeritageCommonManager
UC6,CulturalHeritageVisitChecker
UC6,DBAgencyOperator
UC6,DBConnectionPool
UC6,DBConvention
UC6,DBCulturalHeritage
UC6,DBGenericPreference
UC6,DBMenu
UC6,DBNews
UC6,DBRefreshmentPoint
UC6,DBRefreshmentPointOperator
UC6,DBSearchPreference
UC6,DBTourist
UC6,DBVisitBC
UC6,FeedBackTableModel
UC6,News
UC6,NewsTableModelTest
UC6,OperatorAgency
UC6,RefreshmentPoint
UC6,RefreshmentPointAgencyManager
UC6,RefreshmentPointCommonManager
UC6,Search
UC6,StandardSearch
UC6,Tag
UC6,TagAgencyOperatorManager
UC6,TestoNewsRendererTest
UC6,Tourist
UC6,TouristAgencyManager
UC6,TouristCard
UC6,TouristClientManager
UC7,AdvancedSearch
UC7,AdvertisementManager
UC7,Authentication
UC7,Banner
UC7,BeanConvention
UC7,BeanNews
UC7,BeanOperatorAgency
UC7,BeanOperatorRefreshmentPoint
UC7,BeanTourist
UC7,BeanVisitBC
UC7,BeanVisitPR
UC7,CardBC
UC7,CardPR
UC7,ControlData
UC7,ControllDataAdvertisement
UC7,CulturalHeritage
UC7,CulturalHeritageAgencyManager
UC7,CulturalHeritageChecker
UC7,CulturalHeritageCommonManager
UC7,CulturalHeritageVisitChecker
UC7,DBAgencyOperator
UC7,DBBanner
UC7,DBConnectionPool
UC7,DBConvention
UC7,DBCulturalHeritage
UC7,DBGenericPreference
UC7,DBNews
UC7,DBRefreshmentPoint
UC7,DBRefreshmentPointOperator
UC7,DBTourist
UC7,DBVisitPR
UC7,FeedBackTableModel
UC7,News
UC7,NewsTableModelTest
UC7,OperatorAgency
UC7,RefreshmentPoint
UC7,RefreshmentPointAgencyManager
UC7,RefreshmentPointCommonManager
UC7,ReportStatistic
UC7,Search
UC7,TagAgencyOperatorManager
UC7,TestoNewsRendererTest
UC7,Tourist
UC7,TouristAgencyManager
UC7,TouristCard
UC7,TouristClientManager
UC7,TouristCommonManager
UC7,TouristTableModel
UC8,AdvancedSearch
UC8,AdvertisementAgencyManager
UC8,AdvertisementManager
UC8,Authentication
UC8,BeanBanner
UC8,BeanConvention
UC8,BeanCulturalHeritage
UC8,BeanMenu
UC8,BeanNews
UC8,BeanOperatorAgency
UC8,BeanOperatorRefreshmentPoint
UC8,BeanRefreshmentPoint
UC8,BeanTourist
UC8,BeanVisitBC
UC8,BeanVisitPR
UC8,CardBC
UC8,CardPR
UC8,ControlData
UC8,CulturalHeritage
UC8,CulturalHeritageAgencyManager
UC8,CulturalHeritageChecker
UC8,CulturalHeritageCommonManager
UC8,DBAgencyOperator
UC8,DBBanner
UC8,DBConnectionPool
UC8,DBConvention
UC8,DBCulturalHeritage
UC8,DBNews
UC8,DBRefreshmentPoint
UC8,DBRefreshmentPointOperator
UC8,DBTag
UC8,DBTourist
UC8,DBVisitPR
UC8,FeedBackTableModel
UC8,News
UC8,NewsTableModelTest
UC8,OperatorAgency
UC8,RefreshmentPoint
UC8,RefreshmentPointAgencyManager
UC8,RefreshmentPointCommonManager
UC8,Search
UC8,SiteTableModel
UC8,TagAgencyOperatorManager
UC8,Tourist
UC8,TouristAgencyManager
UC8,TouristCard
UC8,TouristClientManager
UC8,TouristCommonManager
UC8,TouristTableModel
UC9,AdvancedSearch
UC9,Authentication
UC9,Banner
UC9,BeanBanner
UC9,CardBC
UC9,ControlServerLauncher
UC9,CulturalHeritage
UC9,CulturalHeritageAgencyManager
UC9,CulturalHeritageCommonManager
UC9,DBAgencyOperator
UC9,DBConnectionPool
UC9,DBConvention
UC9,DBCulturalHeritage
UC9,DBRefreshmentPoint
UC9,DBRefreshmentPointOperator
UC9,DBSearchPreference
UC9,DBTourist
UC9,DBVisitPR
UC9,FeedBackTableModel
UC9,News
UC9,RefreshmentPoint
UC9,RefreshmentPointAgencyManager
UC9,RefreshmentPointCommonManager
UC9,Search
UC9,StandardSearch
UC9,TagAgencyOperatorManager
UC9,Tourist
UC9,TouristAgencyManager
UC9,TouristCard
UC9,TouristClientManager
UC9,TouristCommonManager
UC9,TouristTableModel