SMOS1,ConnectionPoolDataSource
SMOS1,Environment
SMOS1,ManagerClassroom
SMOS1,ManagerRegister
SMOS1,ManagerVotes
SMOS1,ServletAlterPersonalDate
SMOS1,ServletAssignParentStudent
SMOS1,ServletAssignStudentClassroom
SMOS1,ServletDeleteJustify
SMOS1,ServletDeleteNote
SMOS1,ServletInsertNewNote
SMOS1,ServletInsertUser
SMOS1,ServletLogin
SMOS1,ServletRemoveStudentClassroom
SMOS1,ServletShowJustifyList
SMOS1,ServletShowNoteDetails
SMOS1,ServletShowNoteList
SMOS1,ServletShowRegister
SMOS1,ServletShowUserDetails
SMOS1,ServletShowUserList
SMOS1,ServletShowUserRoleForm
SMOS1,ServletShowUserTeachingForm
SMOS1,ServletUpdateRegister
SMOS1,ServletUpdateUser
SMOS1,Teaching
SMOS1,TestRegister
SMOS1,User
SMOS1,UserListItem
SMOS1,Utility
SMOS1,Votes
SMOS10,ServletAddTeachingAsTeacher
SMOS10,ServletAlterPersonalDate
SMOS10,ServletAssignParentStudent
SMOS10,ServletAssignRole
SMOS10,ServletAssignStudentClassroom
SMOS10,ServletDeleteJustify
SMOS10,ServletDeleteNote
SMOS10,ServletDeleteUser
SMOS10,ServletInsertNewNote
SMOS10,ServletInsertUser
SMOS10,ServletRemoveStudentClassroom
SMOS10,ServletReportTeachings
SMOS10,ServletShowAddressDetails
SMOS10,ServletShowAddressList
SMOS10,ServletShowJustifyList
SMOS10,ServletShowNoteDetails
SMOS10,ServletShowNoteList
SMOS10,ServletShowUserDetails
SMOS10,ServletShowUserList
SMOS10,ServletShowUserRoleForm
SMOS10,ServletShowUserTeachingForm
SMOS10,ServletUpdateRegister
SMOS10,ServletUpdateUser
SMOS11,Classroom
SMOS11,ManagerAddress
SMOS11,ManagerClassroom
SMOS11,ManagerTeaching
SMOS11,ManagerVotes
SMOS11,Note
SMOS11,ServletAddTeachingAsTeacher
SMOS11,ServletAddressTeachings
SMOS11,ServletAssignStudentClassroom
SMOS11,ServletDeleteClassroom
SMOS11,ServletDeleteReport
SMOS11,ServletInsertClassroom
SMOS11,ServletRemoveStudentClassroom
SMOS11,ServletRemoveTeachingAsTeacher
SMOS11,ServletReportTeachings
SMOS11,ServletShowStudentsByClass
SMOS11,ServletShowUserTeachingForm
SMOS11,ServletUpdateRegister
SMOS11,Teaching
SMOS11,Votes
SMOS12,Absence
SMOS12,ConnectionPoolDataSource
SMOS12,ControlConnection
SMOS12,DBConnection
SMOS12,Delay
SMOS12,Justify
SMOS12,ManagerAddress
SMOS12,ManagerRegister
SMOS12,Note
SMOS12,RegisterLine
SMOS12,ServletAddTeachingAsTeacher
SMOS12,ServletAddressTeachings
SMOS12,ServletAssignParentStudent
SMOS12,ServletAssignRole
SMOS12,ServletAssignStudentClassroom
SMOS12,ServletDeleteClassroom
SMOS12,ServletDeleteReport
SMOS12,ServletDeleteUser
SMOS12,ServletInsertClassroom
SMOS12,ServletRemoveStudentClassroom
SMOS12,ServletShowStudentsByClass
SMOS12,ServletShowUserTeachingForm
SMOS12,ServletUpdateRegister
SMOS12,Utility
SMOS13,Absence
SMOS13,Classroom
SMOS13,ConnectionPoolDataSource
SMOS13,ControlConnection
SMOS13,DBConnection
SMOS13,Delay
SMOS13,Environment
SMOS13,Justify
SMOS13,ManagerClassroom
SMOS13,ManagerRegister
SMOS13,ManagerVotes
SMOS13,Note
SMOS13,ServletAssignRole
SMOS13,ServletAssignStudentClassroom
SMOS13,ServletDeleteClassroom
SMOS13,ServletDeleteReport
SMOS13,ServletDeleteUser
SMOS13,ServletInsertClassroom
SMOS13,ServletRemoveStudentClassroom
SMOS13,ServletReportTeachings
SMOS13,ServletShowClassroomByAcademicYear
SMOS13,ServletShowClassroomList
SMOS13,ServletShowClassroomManagement
SMOS13,ServletShowStudentsByClass
SMOS13,ServletUpdateRegister
SMOS13,TestRegister
SMOS13,Utility
SMOS13,Votes
SMOS14,Absence
SMOS14,Classroom
SMOS14,Delay
SMOS14,Justify
SMOS14,ManagerAddress
SMOS14,ManagerClassroom
SMOS14,ManagerRegister
SMOS14,ManagerTeaching
SMOS14,ManagerVotes
SMOS14,Note
SMOS14,RegisterLine
SMOS14,ServletAddTeachingAsTeacher
SMOS14,ServletAssignStudentClassroom
SMOS14,ServletDeleteClassroom
SMOS14,ServletDeleteJustify
SMOS14,ServletDeleteReport
SMOS14,ServletInsertClassroom
SMOS14,ServletInsertNewNote
SMOS14,ServletRemoveStudentClassroom
SMOS14,ServletShowStudentsByClass
SMOS14,ServletUpdateRegister
SMOS14,TestRegister
SMOS14,User
SMOS14,Votes
SMOS15,Classroom
SMOS15,ConnectionPoolDataSource
SMOS15,ControlConnection
SMOS15,DBConnection
SMOS15,Environment
SMOS15,Justify
SMOS15,ManagerClassroom
SMOS15,ManagerTeaching
SMOS15,Note
SMOS15,RegisterLine
SMOS15,Report
SMOS15,ServletAssignParentStudent
SMOS15,ServletAssignRole
SMOS15,ServletAssignStudentClassroom
SMOS15,ServletDeleteClassroom
SMOS15,ServletDeleteReport
SMOS15,ServletInsertClassroom
SMOS15,ServletRemoveStudentClassroom
SMOS15,ServletReportTeachings
SMOS15,ServletShowClassroomByAcademicYear
SMOS15,ServletShowClassroomDetails
SMOS15,ServletShowClassroomList
SMOS15,ServletShowClassroomManagement
SMOS15,ServletShowStudentsByClass
SMOS15,ServletShowUserTeachingForm
SMOS15,ServletUpdateRegister
SMOS15,Teaching
SMOS15,Utility
SMOS15,Votes
SMOS16,Classroom
SMOS16,ConnectionPoolDataSource
SMOS16,ManagerAddress
SMOS16,ManagerClassroom
SMOS16,ManagerRegister
SMOS16,ManagerTeaching
SMOS16,ServletAssignRole
SMOS16,ServletAssignStudentClassroom
SMOS16,ServletDeleteClassroom
SMOS16,ServletDeleteReport
SMOS16,ServletDeleteUser
SMOS16,ServletInsertClassroom
SMOS16,ServletRemoveStudentClassroom
SMOS16,ServletShowClassroomDetails
SMOS16,ServletShowClassroomManagement
SMOS16,ServletShowStudentsByClass
SMOS16,ServletUpdateRegister
SMOS17,Address
SMOS17,Classroom
SMOS17,ConnectionPoolDataSource
SMOS17,ManagerAddress
SMOS17,ServletAddRemoveTeachingsAsAddress
SMOS17,ServletAddressTeachings
SMOS17,ServletAssignParentStudent
SMOS17,ServletAssignRole
SMOS17,ServletAssignStudentClassroom
SMOS17,ServletDeleteAddress
SMOS17,ServletDeleteUser
SMOS17,ServletInsertAddress
SMOS17,ServletRemoveStudentClassroom
SMOS17,ServletShowAddressDetails
SMOS17,ServletShowAddressList
SMOS17,ServletUpdateRegister
SMOS17,Utility
SMOS18,Address
SMOS18,Classroom
SMOS18,ManagerAddress
SMOS18,ManagerClassroom
SMOS18,ManagerRegister
SMOS18,ServletAddRemoveTeachingsAsAddress
SMOS18,ServletAssignStudentClassroom
SMOS18,ServletDeleteAddress
SMOS18,ServletInsertAddress
SMOS18,ServletInsertClassroom
SMOS18,ServletInsertNewNote
SMOS18,ServletRemoveStudentClassroom
SMOS18,ServletShowAddressDetails
SMOS18,ServletShowAddressList
SMOS18,ServletUpdateRegister
SMOS18,TestRegister
SMOS18,User
SMOS18,UserListItem
SMOS18,Utility
SMOS19,Address
SMOS19,Classroom
SMOS19,ConnectionPoolDataSource
SMOS19,ControlConnection
SMOS19,DBConnection
SMOS19,Environment
SMOS19,ManagerAddress
SMOS19,ServletAddRemoveTeachingsAsAddress
SMOS19,ServletAddressTeachings
SMOS19,ServletAssignParentStudent
SMOS19,ServletAssignRole
SMOS19,ServletAssignStudentClassroom
SMOS19,ServletDeleteAddress
SMOS19,ServletDeleteUser
SMOS19,ServletInsertAddress
SMOS19,ServletShowAddressDetails
SMOS19,ServletShowAddressList
SMOS19,ServletShowUserDetails
SMOS19,User
SMOS19,Utility
SMOS2,ConnectionPoolDataSource
SMOS2,ServletAlterPersonalDate
SMOS2,ServletAssignParentStudent
SMOS2,ServletAssignStudentClassroom
SMOS2,ServletDeleteJustify
SMOS2,ServletDeleteNote
SMOS2,ServletInsertNewNote
SMOS2,ServletInsertUser
SMOS2,ServletLogin
SMOS2,ServletRemoveStudentClassroom
SMOS2,ServletShowJustifyList
SMOS2,ServletShowNoteDetails
SMOS2,ServletShowNoteList
SMOS2,ServletShowRegister
SMOS2,ServletShowUserDetails
SMOS2,ServletShowUserList
SMOS2,ServletShowUserRoleForm
SMOS2,ServletShowUserTeachingForm
SMOS2,ServletUpdateJustify
SMOS2,ServletUpdateRegister
SMOS2,ServletUpdateUser
SMOS2,User
SMOS2,UserListItem
SMOS20,Address
SMOS20,Classroom
SMOS20,ConnectionPoolDataSource
SMOS20,ManagerAddress
SMOS20,ManagerClassroom
SMOS20,ServletAddRemoveTeachingsAsAddress
SMOS20,ServletAddressTeachings
SMOS20,ServletAssignRole
SMOS20,ServletAssignStudentClassroom
SMOS20,ServletDeleteAddress
SMOS20,ServletDeleteClassroom
SMOS20,ServletDeleteUser
SMOS20,ServletInsertAddress
SMOS20,ServletInsertClassroom
SMOS20,ServletShowAddressDetails
SMOS20,ServletShowAddressList
SMOS21,Address
SMOS21,Classroom
SMOS21,ConnectionPoolDataSource
SMOS21,DBConnection
SMOS21,ManagerAddress
SMOS21,ManagerClassroom
SMOS21,ManagerTeaching
SMOS21,ManagerVotes
SMOS21,Report
SMOS21,ServletAddRemoveTeachingsAsAddress
SMOS21,ServletAddTeachingAsTeacher
SMOS21,ServletAddressTeachings
SMOS21,ServletAssignStudentClassroom
SMOS21,ServletDeleteClassroom
SMOS21,ServletInsertAddress
SMOS21,ServletInsertClassroom
SMOS21,ServletRemoveTeachingAsTeacher
SMOS21,ServletShowAddressDetails
SMOS21,ServletShowStudentsByClass
SMOS21,ServletUpdateRegister
SMOS21,Teaching
SMOS21,TestRegister
SMOS21,UserTest
SMOS21,Utility
SMOS21,Votes
SMOS22,ManagerTeaching
SMOS22,ServletAddTeachingAsTeacher
SMOS22,ServletAddressTeachings
SMOS22,ServletAssignRole
SMOS22,ServletAssignStudentClassroom
SMOS22,ServletDeleteReport
SMOS22,ServletDeleteTeaching
SMOS22,ServletInsertTeaching
SMOS22,ServletRemoveStudentClassroom
SMOS22,ServletRemoveTeachingAsTeacher
SMOS22,ServletReportTeachings
SMOS22,ServletShowStudentsByClass
SMOS22,ServletShowTeacherTeachingFormByClass
SMOS22,ServletShowTeachingDetails
SMOS22,ServletShowTeachingList
SMOS22,ServletShowUserTeachingForm
SMOS22,ServletUpdateReport
SMOS22,ServletUpdateTeaching
SMOS23,Classroom
SMOS23,ManagerAddress
SMOS23,ManagerClassroom
SMOS23,ManagerRegister
SMOS23,ManagerTeaching
SMOS23,ManagerVotes
SMOS23,Note
SMOS23,ServletAddTeachingAsTeacher
SMOS23,ServletAddressTeachings
SMOS23,ServletAssignStudentClassroom
SMOS23,ServletInsertClassroom
SMOS23,ServletInsertTeaching
SMOS23,ServletRemoveStudentClassroom
SMOS23,ServletRemoveTeachingAsTeacher
SMOS23,ServletShowUserTeachingForm
SMOS23,ServletUpdateRegister
SMOS23,ServletUpdateTeaching
SMOS23,Teaching
SMOS23,TestRegister
SMOS23,Votes
SMOS24,ManagerClassroom
SMOS24,ManagerTeaching
SMOS24,Note
SMOS24,ServletAddTeachingAsTeacher
SMOS24,ServletAddressTeachings
SMOS24,ServletAssignRole
SMOS24,ServletAssignStudentClassroom
SMOS24,ServletDeleteTeaching
SMOS24,ServletInsertTeaching
SMOS24,ServletRemoveStudentClassroom
SMOS24,ServletRemoveTeachingAsTeacher
SMOS24,ServletReportTeachings
SMOS24,ServletShowTeacherTeachingFormByClass
SMOS24,ServletShowTeachingDetails
SMOS24,ServletShowTeachingList
SMOS24,ServletShowUserTeachingForm
SMOS24,ServletUpdateTeaching
SMOS24,Teaching
SMOS24,Votes
SMOS25,ManagerAddress
SMOS25,ManagerClassroom
SMOS25,ManagerRegister
SMOS25,ManagerTeaching
SMOS25,Note
SMOS25,ServletAddTeachingAsTeacher
SMOS25,ServletAddressTeachings
SMOS25,ServletAssignStudentClassroom
SMOS25,ServletDeleteJustify
SMOS25,ServletDeleteTeaching
SMOS25,ServletInsertClassroom
SMOS25,ServletInsertTeaching
SMOS25,ServletRemoveStudentClassroom
SMOS25,ServletRemoveTeachingAsTeacher
SMOS25,ServletReportTeachings
SMOS25,ServletShowTeacherTeachingFormByClass
SMOS25,ServletShowUserTeachingForm
SMOS25,ServletUpdateRegister
SMOS25,ServletUpdateTeaching
SMOS25,Teaching
SMOS25,TestRegister
SMOS25,Votes
SMOS26,ManagerAddress
SMOS26,ManagerClassroom
SMOS26,ManagerTeaching
SMOS26,ManagerVotes
SMOS26,ServletAddTeachingAsTeacher
SMOS26,ServletAddressTeachings
SMOS26,ServletAssignRole
SMOS26,ServletAssignStudentClassroom
SMOS26,ServletDeleteClassroom
SMOS26,ServletDeleteTeaching
SMOS26,ServletInsertTeaching
SMOS26,ServletRemoveStudentClassroom
SMOS26,ServletRemoveTeachingAsTeacher
SMOS26,ServletReportTeachings
SMOS26,ServletShowTeacherTeachingFormByClass
SMOS26,ServletUpdateTeaching
SMOS27,Absence
SMOS27,Classroom
SMOS27,Delay
SMOS27,Justify
SMOS27,ManagerClassroom
SMOS27,ManagerRegister
SMOS27,ManagerVotes
SMOS27,Note
SMOS27,Report
SMOS27,ServletAssignParentStudent
SMOS27,ServletAssignRole
SMOS27,ServletAssignStudentClassroom
SMOS27,ServletComputateStatistics
SMOS27,ServletDeleteReport
SMOS27,ServletInsertClassroom
SMOS27,ServletLoadYear
SMOS27,ServletRemoveStudentClassroom
SMOS27,ServletShowClassroomByAcademicYear
SMOS27,ServletShowClassroomManagement
SMOS27,ServletShowJustifyList
SMOS27,ServletShowRegister
SMOS27,ServletShowStudentsByClass
SMOS27,ServletUpdateRegister
SMOS27,TestRegister
SMOS27,Utility
SMOS27,Votes
SMOS28,Absence
SMOS28,ConnectionPoolDataSource
SMOS28,Delay
SMOS28,Justify
SMOS28,ManagerClassroom
SMOS28,ManagerRegister
SMOS28,Note
SMOS28,RegisterLine
SMOS28,ServletAlterPersonalDate
SMOS28,ServletAssignParentStudent
SMOS28,ServletAssignRole
SMOS28,ServletAssignStudentClassroom
SMOS28,ServletDeleteClassroom
SMOS28,ServletDeleteJustify
SMOS28,ServletDeleteNote
SMOS28,ServletDeleteReport
SMOS28,ServletDeleteUser
SMOS28,ServletInsertClassroom
SMOS28,ServletInsertNewNote
SMOS28,ServletInsertUser
SMOS28,ServletRemoveStudentClassroom
SMOS28,ServletReportTeachings
SMOS28,ServletShowClassroomManagement
SMOS28,ServletShowJustifyList
SMOS28,ServletShowNoteDetails
SMOS28,ServletShowNoteList
SMOS28,ServletShowRegister
SMOS28,ServletShowStudentsByClass
SMOS28,ServletShowUserDetails
SMOS28,ServletShowUserRoleForm
SMOS28,ServletShowUserTeachingForm
SMOS28,ServletUpdateRegister
SMOS28,ServletUpdateUser
SMOS28,TestRegister
SMOS28,User
SMOS28,UserListItem
SMOS28,Utility
SMOS29,Absence
SMOS29,ConnectionPoolDataSource
SMOS29,ControlConnection
SMOS29,DBConnection
SMOS29,Delay
SMOS29,Environment
SMOS29,Justify
SMOS29,ManagerAddress
SMOS29,ManagerClassroom
SMOS29,ManagerRegister
SMOS29,ManagerVotes
SMOS29,Note
SMOS29,RegisterLine
SMOS29,ServletAssignParentStudent
SMOS29,ServletAssignRole
SMOS29,ServletAssignStudentClassroom
SMOS29,ServletDeleteJustify
SMOS29,ServletDeleteNote
SMOS29,ServletDeleteReport
SMOS29,ServletDeleteUser
SMOS29,ServletInsertClassroom
SMOS29,ServletInsertJustify
SMOS29,ServletInsertNewNote
SMOS29,ServletLoadClassByAccademicYear
SMOS29,ServletLoadReport
SMOS29,ServletLoadYear
SMOS29,ServletRemoveStudentClassroom
SMOS29,ServletShowAddressDetails
SMOS29,ServletShowJustifyList
SMOS29,ServletShowNoteDetails
SMOS29,ServletShowNoteList
SMOS29,ServletShowRegister
SMOS29,ServletUpdateJustify
SMOS29,ServletUpdateRegister
SMOS29,ServletUpdateUser
SMOS29,TestRegister
SMOS29,User
SMOS29,Utility
SMOS3,Absence
SMOS3,ServletAlterPersonalDate
SMOS3,ServletAssignParentStudent
SMOS3,ServletAssignRole
SMOS3,ServletAssignStudentClassroom
SMOS3,ServletDeleteJustify
SMOS3,ServletDeleteNote
SMOS3,ServletDeleteUser
SMOS3,ServletInsertNewNote
SMOS3,ServletInsertUser
SMOS3,ServletLogin
SMOS3,ServletRemoveStudentClassroom
SMOS3,ServletShowJustifyList
SMOS3,ServletShowNoteList
SMOS3,ServletShowRegister
SMOS3,ServletShowUserDetails
SMOS3,ServletShowUserRoleForm
SMOS3,ServletUpdateJustify
SMOS3,ServletUpdateRegister
SMOS3,ServletUpdateUser
SMOS3,User
SMOS3,UserListItem
SMOS3,Votes
SMOS30,Absence
SMOS30,ConnectionPoolDataSource
SMOS30,ControlConnection
SMOS30,DBConnection
SMOS30,Delay
SMOS30,Environment
SMOS30,Justify
SMOS30,ManagerAddress
SMOS30,ManagerClassroom
SMOS30,ManagerRegister
SMOS30,ManagerVotes
SMOS30,Note
SMOS30,RegisterLine
SMOS30,ServletAddTeachingAsTeacher
SMOS30,ServletAssignRole
SMOS30,ServletAssignStudentClassroom
SMOS30,ServletDeleteJustify
SMOS30,ServletDeleteNote
SMOS30,ServletDeleteUser
SMOS30,ServletInsertClassroom
SMOS30,ServletInsertJustify
SMOS30,ServletInsertNewNote
SMOS30,ServletLoadReport
SMOS30,ServletLoadYear
SMOS30,ServletRemoveStudentClassroom
SMOS30,ServletShowAddressDetails
SMOS30,ServletShowJustifyList
SMOS30,ServletShowNoteDetails
SMOS30,ServletShowNoteList
SMOS30,ServletShowRegister
SMOS30,ServletUpdateJustify
SMOS30,ServletUpdateRegister
SMOS30,ServletUpdateUser
SMOS30,TestRegister
SMOS30,User
SMOS30,Utility
SMOS31,Absence
SMOS31,ConnectionPoolDataSource
SMOS31,ControlConnection
SMOS31,DBConnection
SMOS31,Delay
SMOS31,Justify
SMOS31,ManagerAddress
SMOS31,ManagerRegister
SMOS31,ManagerVotes
SMOS31,Note
SMOS31,RegisterLine
SMOS31,ServletAddTeachingAsTeacher
SMOS31,ServletAssignParentStudent
SMOS31,ServletAssignStudentClassroom
SMOS31,ServletDeleteClassroom
SMOS31,ServletDeleteJustify
SMOS31,ServletDeleteNote
SMOS31,ServletDeleteReport
SMOS31,ServletDeleteUser
SMOS31,ServletInsertClassroom
SMOS31,ServletInsertJustify
SMOS31,ServletInsertNewNote
SMOS31,ServletLoadYear
SMOS31,ServletRemoveStudentClassroom
SMOS31,ServletRemoveTeachingAsTeacher
SMOS31,ServletShowAddressDetails
SMOS31,ServletShowJustifyList
SMOS31,ServletShowNoteDetails
SMOS31,ServletShowNoteList
SMOS31,ServletShowRegister
SMOS31,ServletShowStudentsByClass
SMOS31,ServletUpdateJustify
SMOS31,ServletUpdateRegister
SMOS31,ServletUpdateUser
SMOS31,TestRegister
SMOS31,Utility
SMOS32,Absence
SMOS32,ConnectionPoolDataSource
SMOS32,ControlConnection
SMOS32,DBConnection
SMOS32,Delay
SMOS32,Justify
SMOS32,ManagerClassroom
SMOS32,ManagerRegister
SMOS32,ManagerVotes
SMOS32,Note
SMOS32,RegisterLine
SMOS32,ServletAssignStudentClassroom
SMOS32,ServletDeleteJustify
SMOS32,ServletDeleteNote
SMOS32,ServletDeleteUser
SMOS32,ServletInsertJustify
SMOS32,ServletInsertNewNote
SMOS32,ServletShowAddressDetails
SMOS32,ServletShowJustifyList
SMOS32,ServletShowNoteDetails
SMOS32,ServletShowNoteList
SMOS32,ServletShowRegister
SMOS32,ServletUpdateJustify
SMOS32,ServletUpdateRegister
SMOS32,ServletUpdateUser
SMOS32,TestRegister
SMOS32,Utility
SMOS33,Absence
SMOS33,ConnectionPoolDataSource
SMOS33,ControlConnection
SMOS33,DBConnection
SMOS33,Delay
SMOS33,Justify
SMOS33,ManagerRegister
SMOS33,ManagerVotes
SMOS33,Note
SMOS33,RegisterLine
SMOS33,ServletAssignStudentClassroom
SMOS33,ServletDeleteClassroom
SMOS33,ServletDeleteJustify
SMOS33,ServletDeleteNote
SMOS33,ServletDeleteUser
SMOS33,ServletInsertClassroom
SMOS33,ServletInsertJustify
SMOS33,ServletInsertNewNote
SMOS33,ServletRemoveStudentClassroom
SMOS33,ServletShowJustifyList
SMOS33,ServletShowNoteDetails
SMOS33,ServletShowNoteList
SMOS33,ServletShowRegister
SMOS33,ServletUpdateJustify
SMOS33,ServletUpdateRegister
SMOS33,TestRegister
SMOS33,Utility
SMOS34,Absence
SMOS34,Justify
SMOS34,ManagerRegister
SMOS34,RegisterLine
SMOS34,ServletAssignParentStudent
SMOS34,ServletAssignRole
SMOS34,ServletAssignStudentClassroom
SMOS34,ServletDeleteJustify
SMOS34,ServletDeleteReport
SMOS34,ServletDeleteUser
SMOS34,ServletInsertJustify
SMOS34,ServletRemoveStudentClassroom
SMOS34,ServletReportTeachings
SMOS34,ServletShowJustifyDetails
SMOS34,ServletShowJustifyList
SMOS34,ServletShowStudentsByClass
SMOS34,ServletShowUserTeachingForm
SMOS34,ServletUpdateJustify
SMOS34,ServletUpdateRegister
SMOS34,TestRegister
SMOS35,ManagerClassroom
SMOS35,ManagerRegister
SMOS35,Note
SMOS35,RegisterLine
SMOS35,ServletAddressTeachings
SMOS35,ServletAssignParentStudent
SMOS35,ServletAssignRole
SMOS35,ServletAssignStudentClassroom
SMOS35,ServletDeleteNote
SMOS35,ServletDeleteReport
SMOS35,ServletInsertNewNote
SMOS35,ServletRemoveStudentClassroom
SMOS35,ServletShowNoteDetails
SMOS35,ServletShowNoteList
SMOS35,ServletShowStudentsByClass
SMOS35,ServletShowUserTeachingForm
SMOS35,ServletUpdateRegister
SMOS35,TestRegister
SMOS36,Absence
SMOS36,ConnectionPoolDataSource
SMOS36,ControlConnection
SMOS36,DBConnection
SMOS36,Justify
SMOS36,ManagerRegister
SMOS36,ServletAlterPersonalDate
SMOS36,ServletAssignStudentClassroom
SMOS36,ServletDeleteJustify
SMOS36,ServletDeleteNote
SMOS36,ServletDeleteUser
SMOS36,ServletInsertClassroom
SMOS36,ServletInsertJustify
SMOS36,ServletInsertNewNote
SMOS36,ServletLogin
SMOS36,ServletRemoveStudentClassroom
SMOS36,ServletShowClassroomManagement
SMOS36,ServletShowJustifyDetails
SMOS36,ServletShowJustifyList
SMOS36,ServletShowNoteDetails
SMOS36,ServletShowNoteList
SMOS36,ServletShowRegister
SMOS36,ServletUpdateJustify
SMOS36,ServletUpdateRegister
SMOS36,TestRegister
SMOS36,Utility
SMOS37,ConnectionPoolDataSource
SMOS37,ControlConnection
SMOS37,DBConnection
SMOS37,ManagerAddress
SMOS37,ManagerClassroom
SMOS37,ManagerRegister
SMOS37,ManagerTeaching
SMOS37,ManagerVotes
SMOS37,Note
SMOS37,RegisterLine
SMOS37,ServletAlterPersonalDate
SMOS37,ServletAssignStudentClassroom
SMOS37,ServletDeleteJustify
SMOS37,ServletDeleteNote
SMOS37,ServletDeleteUser
SMOS37,ServletInsertClassroom
SMOS37,ServletInsertJustify
SMOS37,ServletInsertNewNote
SMOS37,ServletLogin
SMOS37,ServletRemoveStudentClassroom
SMOS37,ServletShowClassroomManagement
SMOS37,ServletShowJustifyDetails
SMOS37,ServletShowJustifyList
SMOS37,ServletShowNoteDetails
SMOS37,ServletShowNoteList
SMOS37,ServletShowRegister
SMOS37,ServletUpdateJustify
SMOS37,ServletUpdateRegister
SMOS37,TestRegister
SMOS37,Utility
SMOS37,Votes
SMOS38,Absence
SMOS38,ConnectionPoolDataSource
SMOS38,ControlConnection
SMOS38,DBConnection
SMOS38,Justify
SMOS38,ManagerRegister
SMOS38,ServletAssignRole
SMOS38,ServletAssignStudentClassroom
SMOS38,ServletDeleteUser
SMOS38,ServletInsertJustify
SMOS38,ServletRemoveStudentClassroom
SMOS38,ServletShowJustifyDetails
SMOS38,ServletShowJustifyList
SMOS38,ServletUpdateJustify
SMOS38,ServletUpdateRegister
SMOS38,TestRegister
SMOS38,Utility
SMOS39,ConnectionPoolDataSource
SMOS39,ControlConnection
SMOS39,DBConnection
SMOS39,ManagerRegister
SMOS39,Note
SMOS39,ServletAssignParentStudent
SMOS39,ServletAssignRole
SMOS39,ServletAssignStudentClassroom
SMOS39,ServletDeleteNote
SMOS39,ServletDeleteReport
SMOS39,ServletDeleteUser
SMOS39,ServletInsertClassroom
SMOS39,ServletInsertNewNote
SMOS39,ServletRemoveStudentClassroom
SMOS39,ServletShowNoteDetails
SMOS39,ServletShowNoteList
SMOS39,ServletShowStudentsByClass
SMOS39,TestRegister
SMOS39,Utility
SMOS39,Votes
SMOS4,ConnectionPoolDataSource
SMOS4,ManagerVotes
SMOS4,ServletAddRemoveTeachingsAsAddress
SMOS4,ServletAddTeachingAsTeacher
SMOS4,ServletAlterPersonalDate
SMOS4,ServletAssignParentStudent
SMOS4,ServletAssignRole
SMOS4,ServletAssignStudentClassroom
SMOS4,ServletComputateStatistics
SMOS4,ServletDeleteClassroom
SMOS4,ServletDeleteJustify
SMOS4,ServletDeleteNote
SMOS4,ServletInsertNewNote
SMOS4,ServletInsertUser
SMOS4,ServletLogin
SMOS4,ServletRemoveStudentClassroom
SMOS4,ServletShowJustifyList
SMOS4,ServletShowNoteDetails
SMOS4,ServletShowNoteList
SMOS4,ServletShowRegister
SMOS4,ServletShowUserDetails
SMOS4,ServletUpdateJustify
SMOS4,ServletUpdateRegister
SMOS4,ServletUpdateUser
SMOS4,User
SMOS4,Utility
SMOS4,Votes
SMOS40,Absence
SMOS40,Classroom
SMOS40,ConnectionPoolDataSource
SMOS40,ControlConnection
SMOS40,DBConnection
SMOS40,Delay
SMOS40,Justify
SMOS40,ManagerRegister
SMOS40,ManagerVotes
SMOS40,Note
SMOS40,ServletAlterPersonalDate
SMOS40,ServletAssignRole
SMOS40,ServletAssignStudentClassroom
SMOS40,ServletDeleteJustify
SMOS40,ServletDeleteNote
SMOS40,ServletDeleteUser
SMOS40,ServletInsertJustify
SMOS40,ServletInsertNewNote
SMOS40,ServletLogin
SMOS40,ServletRemoveStudentClassroom
SMOS40,ServletShowClassroomManagement
SMOS40,ServletShowJustifyDetails
SMOS40,ServletShowJustifyList
SMOS40,ServletShowNoteDetails
SMOS40,ServletShowNoteList
SMOS40,ServletShowRegister
SMOS40,ServletUpdateJustify
SMOS40,ServletUpdateRegister
SMOS40,TestRegister
SMOS40,Utility
SMOS41,Absence
SMOS41,ConnectionPoolDataSource
SMOS41,ControlConnection
SMOS41,DBConnection
SMOS41,Delay
SMOS41,Justify
SMOS41,ManagerRegister
SMOS41,ManagerTeaching
SMOS41,ManagerVotes
SMOS41,Note
SMOS41,RegisterLine
SMOS41,ServletAlterPersonalDate
SMOS41,ServletAssignRole
SMOS41,ServletAssignStudentClassroom
SMOS41,ServletDeleteClassroom
SMOS41,ServletDeleteJustify
SMOS41,ServletDeleteNote
SMOS41,ServletDeleteUser
SMOS41,ServletInsertClassroom
SMOS41,ServletInsertJustify
SMOS41,ServletInsertNewNote
SMOS41,ServletLogin
SMOS41,ServletRemoveStudentClassroom
SMOS41,ServletShowClassroomManagement
SMOS41,ServletShowJustifyDetails
SMOS41,ServletShowJustifyList
SMOS41,ServletShowNoteDetails
SMOS41,ServletShowNoteList
SMOS41,ServletShowRegister
SMOS41,ServletUpdateJustify
SMOS41,ServletUpdateRegister
SMOS41,TestRegister
SMOS41,User
SMOS41,UserListItem
SMOS41,Utility
SMOS42,Absence
SMOS42,ConnectionPoolDataSource
SMOS42,ControlConnection
SMOS42,DBConnection
SMOS42,Justify
SMOS42,ManagerAddress
SMOS42,ManagerClassroom
SMOS42,ManagerRegister
SMOS42,ManagerVotes
SMOS42,RegisterLine
SMOS42,Report
SMOS42,ServletAlterPersonalDate
SMOS42,ServletAssignParentStudent
SMOS42,ServletAssignRole
SMOS42,ServletAssignStudentClassroom
SMOS42,ServletDeleteClassroom
SMOS42,ServletDeleteJustify
SMOS42,ServletDeleteNote
SMOS42,ServletDeleteUser
SMOS42,ServletInsertJustify
SMOS42,ServletInsertNewNote
SMOS42,ServletInsertUser
SMOS42,ServletLogin
SMOS42,ServletRemoveStudentClassroom
SMOS42,ServletShowClassroomManagement
SMOS42,ServletShowJustifyDetails
SMOS42,ServletShowJustifyList
SMOS42,ServletShowNoteDetails
SMOS42,ServletShowNoteList
SMOS42,ServletShowRegister
SMOS42,ServletUpdateJustify
SMOS42,ServletUpdateRegister
SMOS42,TestRegister
SMOS42,User
SMOS42,Utility
SMOS43,ConnectionPoolDataSource
SMOS43,ControlConnection
SMOS43,DBConnection
SMOS43,ManagerAddress
SMOS43,ManagerClassroom
SMOS43,ManagerRegister
SMOS43,ManagerTeaching
SMOS43,ManagerVotes
SMOS43,Note
SMOS43,RegisterLine
SMOS43,Report
SMOS43,ServletAlterPersonalDate
SMOS43,ServletAssignParentStudent
SMOS43,ServletAssignRole
SMOS43,ServletAssignStudentClassroom
SMOS43,ServletDeleteClassroom
SMOS43,ServletDeleteJustify
SMOS43,ServletDeleteNote
SMOS43,ServletDeleteUser
SMOS43,ServletInsertJustify
SMOS43,ServletInsertNewNote
SMOS43,ServletLogin
SMOS43,ServletRemoveStudentClassroom
SMOS43,ServletShowClassroomManagement
SMOS43,ServletShowJustifyDetails
SMOS43,ServletShowJustifyList
SMOS43,ServletShowNoteDetails
SMOS43,ServletShowNoteList
SMOS43,ServletShowRegister
SMOS43,ServletUpdateJustify
SMOS43,ServletUpdateRegister
SMOS43,TestRegister
SMOS43,Utility
SMOS44,Absence
SMOS44,ConnectionPoolDataSource
SMOS44,ControlConnection
SMOS44,DBConnection
SMOS44,Delay
SMOS44,Environment
SMOS44,ManagerClassroom
SMOS44,ManagerRegister
SMOS44,ManagerVotes
SMOS44,Note
SMOS44,RegisterLine
SMOS44,Report
SMOS44,ServletAddressTeachings
SMOS44,ServletAssignParentStudent
SMOS44,ServletAssignStudentClassroom
SMOS44,ServletComputateStatistics
SMOS44,ServletDeleteReport
SMOS44,ServletLoadYear
SMOS44,ServletRemoveStudentClassroom
SMOS44,ServletShowClassroomDetails
SMOS44,ServletShowClassroomList
SMOS44,ServletShowNoteList
SMOS44,ServletShowStudentsByClass
SMOS44,ServletUpdateRegister
SMOS44,TestRegister
SMOS44,Utility
SMOS45,Absence
SMOS45,Classroom
SMOS45,Delay
SMOS45,Justify
SMOS45,ManagerClassroom
SMOS45,ManagerTeaching
SMOS45,ManagerVotes
SMOS45,Note
SMOS45,RegisterLine
SMOS45,Report
SMOS45,ServletAddTeachingAsTeacher
SMOS45,ServletAddressTeachings
SMOS45,ServletAssignParentStudent
SMOS45,ServletAssignRole
SMOS45,ServletAssignStudentClassroom
SMOS45,ServletDeleteClassroom
SMOS45,ServletDeleteReport
SMOS45,ServletDeleteTeaching
SMOS45,ServletDeleteUser
SMOS45,ServletInsertClassroom
SMOS45,ServletRemoveStudentClassroom
SMOS45,ServletRemoveTeachingAsTeacher
SMOS45,ServletReportTeachings
SMOS45,ServletShowClassroomByAcademicYear
SMOS45,ServletShowClassroomList
SMOS45,ServletShowClassroomManagement
SMOS45,ServletShowStudentsByClass
SMOS45,ServletShowUserRoleForm
SMOS45,ServletShowUserTeachingForm
SMOS45,ServletUpdateRegister
SMOS45,ServletUpdateReport
SMOS45,TestRegister
SMOS45,Utility
SMOS45,Votes
SMOS46,Absence
SMOS46,Classroom
SMOS46,ConnectionPoolDataSource
SMOS46,ControlConnection
SMOS46,DBConnection
SMOS46,Delay
SMOS46,Justify
SMOS46,ManagerAddress
SMOS46,ManagerClassroom
SMOS46,ManagerRegister
SMOS46,ManagerTeaching
SMOS46,ManagerVotes
SMOS46,Note
SMOS46,RegisterLine
SMOS46,Report
SMOS46,ServletAddTeachingAsTeacher
SMOS46,ServletAddressTeachings
SMOS46,ServletAssignParentStudent
SMOS46,ServletAssignRole
SMOS46,ServletAssignStudentClassroom
SMOS46,ServletDeleteClassroom
SMOS46,ServletDeleteJustify
SMOS46,ServletDeleteReport
SMOS46,ServletInsertClassroom
SMOS46,ServletInsertNewNote
SMOS46,ServletInsertReport
SMOS46,ServletLoadReport
SMOS46,ServletRemoveStudentClassroom
SMOS46,ServletShowReports
SMOS46,ServletShowStudentsByClass
SMOS46,ServletShowUserTeachingForm
SMOS46,ServletUpdateRegister
SMOS46,ServletUpdateReport
SMOS46,TestRegister
SMOS46,Utility
SMOS46,Votes
SMOS47,Absence
SMOS47,Classroom
SMOS47,Delay
SMOS47,Justify
SMOS47,ManagerClassroom
SMOS47,ManagerTeaching
SMOS47,ManagerVotes
SMOS47,Note
SMOS47,RegisterLine
SMOS47,Report
SMOS47,ServletAddTeachingAsTeacher
SMOS47,ServletAssignParentStudent
SMOS47,ServletAssignRole
SMOS47,ServletAssignStudentClassroom
SMOS47,ServletDeleteClassroom
SMOS47,ServletDeleteJustify
SMOS47,ServletDeleteReport
SMOS47,ServletInsertClassroom
SMOS47,ServletInsertReport
SMOS47,ServletLoadReport
SMOS47,ServletRemoveStudentClassroom
SMOS47,ServletShowClassroomManagement
SMOS47,ServletShowNoteDetails
SMOS47,ServletShowStudentsByClass
SMOS47,ServletShowUserTeachingForm
SMOS47,ServletUpdateRegister
SMOS47,ServletUpdateReport
SMOS48,ManagerAddress
SMOS48,ManagerClassroom
SMOS48,ManagerRegister
SMOS48,ManagerTeaching
SMOS48,ManagerVotes
SMOS48,Report
SMOS48,ServletAddressTeachings
SMOS48,ServletAssignParentStudent
SMOS48,ServletAssignRole
SMOS48,ServletAssignStudentClassroom
SMOS48,ServletDeleteClassroom
SMOS48,ServletDeleteNote
SMOS48,ServletDeleteReport
SMOS48,ServletDeleteTeaching
SMOS48,ServletDeleteUser
SMOS48,ServletInsertClassroom
SMOS48,ServletRemoveStudentClassroom
SMOS48,ServletShowClassroomDetails
SMOS48,ServletShowClassroomList
SMOS48,ServletShowClassroomManagement
SMOS48,ServletShowStudentsByClass
SMOS48,ServletShowUserTeachingForm
SMOS48,ServletUpdateRegister
SMOS49,ConnectionPoolDataSource
SMOS49,DBConnection
SMOS49,ManagerAddress
SMOS49,ManagerClassroom
SMOS49,ServletAddTeachingAsTeacher
SMOS49,ServletAddressTeachings
SMOS49,ServletAssignParentStudent
SMOS49,ServletAssignRole
SMOS49,ServletAssignStudentClassroom
SMOS49,ServletComputateStatistics
SMOS49,ServletDeleteClassroom
SMOS49,ServletDeleteJustify
SMOS49,ServletDeleteNote
SMOS49,ServletDeleteReport
SMOS49,ServletDeleteUser
SMOS49,ServletInsertClassroom
SMOS49,ServletInsertJustify
SMOS49,ServletInsertNewNote
SMOS49,ServletInsertUser
SMOS49,ServletRemoveStudentClassroom
SMOS49,ServletRemoveTeachingAsTeacher
SMOS49,ServletReportTeachings
SMOS49,ServletShowClassroomManagement
SMOS49,ServletShowJustifyList
SMOS49,ServletShowNoteList
SMOS49,ServletShowRegister
SMOS49,ServletShowStudentsByClass
SMOS49,ServletShowUserList
SMOS49,ServletShowUserRoleForm
SMOS49,ServletShowUserTeachingForm
SMOS49,ServletUpdateJustify
SMOS49,ServletUpdateRegister
SMOS5,ConnectionPoolDataSource
SMOS5,ManagerAddress
SMOS5,ManagerClassroom
SMOS5,ManagerRegister
SMOS5,ManagerVotes
SMOS5,ServletAlterPersonalDate
SMOS5,ServletAssignParentStudent
SMOS5,ServletAssignRole
SMOS5,ServletAssignStudentClassroom
SMOS5,ServletDeleteJustify
SMOS5,ServletDeleteNote
SMOS5,ServletDeleteUser
SMOS5,ServletInsertUser
SMOS5,ServletRemoveStudentClassroom
SMOS5,ServletReportTeachings
SMOS5,ServletShowAddressList
SMOS5,ServletShowJustifyList
SMOS5,ServletShowNoteList
SMOS5,ServletShowUserDetails
SMOS5,ServletShowUserList
SMOS5,ServletShowUserRoleForm
SMOS5,ServletShowUserTeachingForm
SMOS5,ServletUpdateRegister
SMOS5,ServletUpdateUser
SMOS5,User
SMOS5,Utility
SMOS50,Absence
SMOS50,ConnectionPoolDataSource
SMOS50,DBConnection
SMOS50,Delay
SMOS50,Justify
SMOS50,ManagerAddress
SMOS50,ManagerTeaching
SMOS50,Note
SMOS50,RegisterLine
SMOS50,ServletAlterPersonalDate
SMOS50,ServletAssignParentStudent
SMOS50,ServletAssignRole
SMOS50,ServletAssignStudentClassroom
SMOS50,ServletDeleteJustify
SMOS50,ServletDeleteReport
SMOS50,ServletInsertClassroom
SMOS50,ServletInsertJustify
SMOS50,ServletInsertNewNote
SMOS50,ServletInsertUser
SMOS50,ServletRemoveStudentClassroom
SMOS50,ServletShowJustifyList
SMOS50,ServletShowNoteList
SMOS50,ServletShowRegister
SMOS50,ServletShowStudentsByClass
SMOS50,ServletUpdateRegister
SMOS50,ServletUpdateUser
SMOS50,User
SMOS50,UserListItem
SMOS50,Votes
SMOS51,Absence
SMOS51,ConnectionPoolDataSource
SMOS51,Delay
SMOS51,Justify
SMOS51,ManagerClassroom
SMOS51,ManagerRegister
SMOS51,RegisterLine
SMOS51,Report
SMOS51,ServletAlterPersonalDate
SMOS51,ServletAssignParentStudent
SMOS51,ServletAssignRole
SMOS51,ServletAssignStudentClassroom
SMOS51,ServletDeleteClassroom
SMOS51,ServletDeleteJustify
SMOS51,ServletDeleteNote
SMOS51,ServletDeleteReport
SMOS51,ServletDeleteUser
SMOS51,ServletInsertClassroom
SMOS51,ServletInsertJustify
SMOS51,ServletInsertNewNote
SMOS51,ServletInsertUser
SMOS51,ServletLogout
SMOS51,ServletRemoveStudentClassroom
SMOS51,ServletShowJustifyList
SMOS51,ServletShowNoteList
SMOS51,ServletShowRegister
SMOS51,ServletShowStudentsByClass
SMOS51,ServletUpdateJustify
SMOS51,ServletUpdateRegister
SMOS51,ServletUpdateUser
SMOS51,TestRegister
SMOS51,User
SMOS51,Utility
SMOS52,ConnectionPoolDataSource
SMOS52,ControlConnection
SMOS52,DBConnection
SMOS52,ManagerAddress
SMOS52,ManagerClassroom
SMOS52,ManagerRegister
SMOS52,ManagerTeaching
SMOS52,ManagerVotes
SMOS52,ServletAddTeachingAsTeacher
SMOS52,ServletAddressTeachings
SMOS52,ServletAlterPersonalDate
SMOS52,ServletAssignParentStudent
SMOS52,ServletAssignRole
SMOS52,ServletAssignStudentClassroom
SMOS52,ServletDeleteNote
SMOS52,ServletDeleteReport
SMOS52,ServletDeleteUser
SMOS52,ServletInsertAddress
SMOS52,ServletInsertClassroom
SMOS52,ServletInsertNewNote
SMOS52,ServletInsertUser
SMOS52,ServletRemoveStudentClassroom
SMOS52,ServletRemoveTeachingAsTeacher
SMOS52,ServletShowStudentsByClass
SMOS52,ServletShowUserRoleForm
SMOS52,ServletShowUserTeachingForm
SMOS52,ServletUpdateUser
SMOS52,Utility
SMOS53,Classroom
SMOS53,ManagerClassroom
SMOS53,ManagerRegister
SMOS53,ManagerTeaching
SMOS53,ServletAddTeachingAsTeacher
SMOS53,ServletAddressTeachings
SMOS53,ServletAssignParentStudent
SMOS53,ServletAssignRole
SMOS53,ServletAssignStudentClassroom
SMOS53,ServletDeleteClassroom
SMOS53,ServletDeleteReport
SMOS53,ServletDeleteTeaching
SMOS53,ServletInsertClassroom
SMOS53,ServletRemoveStudentClassroom
SMOS53,ServletRemoveTeachingAsTeacher
SMOS53,ServletReportTeachings
SMOS53,ServletShowClassroomByAcademicYear
SMOS53,ServletShowClassroomList
SMOS53,ServletShowClassroomManagement
SMOS53,ServletShowStudentsByClass
SMOS53,ServletShowUserTeachingForm
SMOS53,ServletUpdateRegister
SMOS53,TestRegister
SMOS53,User
SMOS54,Absence
SMOS54,Classroom
SMOS54,ConnectionPoolDataSource
SMOS54,ControlConnection
SMOS54,DBConnection
SMOS54,Delay
SMOS54,Environment
SMOS54,Justify
SMOS54,ManagerClassroom
SMOS54,ManagerRegister
SMOS54,ManagerTeaching
SMOS54,ManagerVotes
SMOS54,Note
SMOS54,RegisterLine
SMOS54,Report
SMOS54,ServletAddRemoveTeachingsAsAddress
SMOS54,ServletAddTeachingAsTeacher
SMOS54,ServletAlterPersonalDate
SMOS54,ServletAssignParentStudent
SMOS54,ServletAssignRole
SMOS54,ServletAssignStudentClassroom
SMOS54,ServletDeleteJustify
SMOS54,ServletDeleteNote
SMOS54,ServletDeleteReport
SMOS54,ServletDeleteUser
SMOS54,ServletInsertAddress
SMOS54,ServletInsertClassroom
SMOS54,ServletInsertNewNote
SMOS54,ServletInsertUser
SMOS54,ServletLogin
SMOS54,ServletRemoveStudentClassroom
SMOS54,ServletRemoveTeachingAsTeacher
SMOS54,ServletShowAddressDetails
SMOS54,ServletShowAddressList
SMOS54,ServletShowClassroomDetails
SMOS54,ServletShowJustifyList
SMOS54,ServletShowNoteDetails
SMOS54,ServletShowRegister
SMOS54,ServletShowStudentsByClass
SMOS54,ServletShowUserDetails
SMOS54,ServletShowUserRoleForm
SMOS54,ServletUpdateRegister
SMOS54,ServletUpdateUser
SMOS54,TestRegister
SMOS54,User
SMOS54,UserListItem
SMOS54,Utility
SMOS54,Votes
SMOS55,Absence
SMOS55,ConnectionPoolDataSource
SMOS55,ControlConnection
SMOS55,DBConnection
SMOS55,Delay
SMOS55,Environment
SMOS55,Justify
SMOS55,ManagerRegister
SMOS55,ManagerVotes
SMOS55,Note
SMOS55,RegisterLine
SMOS55,ServletAlterPersonalDate
SMOS55,ServletAssignParentStudent
SMOS55,ServletAssignRole
SMOS55,ServletAssignStudentClassroom
SMOS55,ServletDeleteNote
SMOS55,ServletDeleteReport
SMOS55,ServletDeleteUser
SMOS55,ServletInsertAddress
SMOS55,ServletInsertClassroom
SMOS55,ServletInsertUser
SMOS55,ServletLogin
SMOS55,ServletRemoveStudentClassroom
SMOS55,ServletShowStudentsByClass
SMOS55,ServletShowUserDetails
SMOS55,ServletShowUserRoleForm
SMOS55,ServletUpdateRegister
SMOS55,ServletUpdateUser
SMOS55,TestRegister
SMOS55,User
SMOS55,UserListItem
SMOS55,Utility
SMOS55,Votes
SMOS56,Absence
SMOS56,AdaptorException
SMOS56,Classroom
SMOS56,Delay
SMOS56,Justify
SMOS56,ManagerClassroom
SMOS56,ManagerTeaching
SMOS56,ManagerVotes
SMOS56,Note
SMOS56,ServletAddTeachingAsTeacher
SMOS56,ServletAddressTeachings
SMOS56,ServletAssignStudentClassroom
SMOS56,ServletDeleteClassroom
SMOS56,ServletDeleteReport
SMOS56,ServletInsertClassroom
SMOS56,ServletRemoveStudentClassroom
SMOS56,ServletRemoveTeachingAsTeacher
SMOS56,ServletReportTeachings
SMOS56,ServletShowJustifyList
SMOS56,ServletShowStudentsByClass
SMOS56,ServletShowUserTeachingForm
SMOS56,ServletUpdateRegister
SMOS56,Teaching
SMOS56,TestRegister
SMOS56,UserListItem
SMOS56,UserTest
SMOS56,Utility
SMOS56,Votes
SMOS57,Absence
SMOS57,ConnectionPoolDataSource
SMOS57,Delay
SMOS57,Justify
SMOS57,ManagerClassroom
SMOS57,ManagerRegister
SMOS57,RegisterLine
SMOS57,ServletAddTeachingAsTeacher
SMOS57,ServletAddressTeachings
SMOS57,ServletAssignStudentClassroom
SMOS57,ServletDeleteClassroom
SMOS57,ServletDeleteJustify
SMOS57,ServletDeleteReport
SMOS57,ServletInsertClassroom
SMOS57,ServletRemoveStudentClassroom
SMOS57,ServletReportTeachings
SMOS57,ServletShowClassroomManagement
SMOS57,ServletShowJustifyList
SMOS57,ServletShowNoteList
SMOS57,ServletShowRegister
SMOS57,ServletShowStudentsByClass
SMOS57,ServletShowUserTeachingForm
SMOS57,ServletUpdateRegister
SMOS57,TestRegister
SMOS57,Utility
SMOS58,Absence
SMOS58,Classroom
SMOS58,ConnectionPoolDataSource
SMOS58,Delay
SMOS58,Justify
SMOS58,ManagerClassroom
SMOS58,ManagerTeaching
SMOS58,ManagerVotes
SMOS58,Note
SMOS58,RegisterLine
SMOS58,Report
SMOS58,ServletAddTeachingAsTeacher
SMOS58,ServletAddressTeachings
SMOS58,ServletAssignParentStudent
SMOS58,ServletAssignStudentClassroom
SMOS58,ServletDeleteClassroom
SMOS58,ServletDeleteReport
SMOS58,ServletDeleteTeaching
SMOS58,ServletInsertClassroom
SMOS58,ServletInsertReport
SMOS58,ServletRemoveStudentClassroom
SMOS58,ServletRemoveTeachingAsTeacher
SMOS58,ServletReportTeachings
SMOS58,ServletShowClassroomByAcademicYear
SMOS58,ServletShowStudentsByClass
SMOS58,ServletShowTeacherTeachingFormByClass
SMOS58,ServletShowUserTeachingForm
SMOS58,ServletUpdateRegister
SMOS58,ServletUpdateReport
SMOS58,Teaching
SMOS58,TestRegister
SMOS58,UserListItem
SMOS58,UserTest
SMOS58,Utility
SMOS58,Votes
SMOS59,Absence
SMOS59,Delay
SMOS59,Justify
SMOS59,ManagerClassroom
SMOS59,ManagerVotes
SMOS59,Note
SMOS59,RegisterLine
SMOS59,ServletAddTeachingAsTeacher
SMOS59,ServletAddressTeachings
SMOS59,ServletAssignParentStudent
SMOS59,ServletAssignStudentClassroom
SMOS59,ServletComputateStatistics
SMOS59,ServletDeleteClassroom
SMOS59,ServletDeleteReport
SMOS59,ServletInsertClassroom
SMOS59,ServletRemoveStudentClassroom
SMOS59,ServletRemoveTeachingAsTeacher
SMOS59,ServletReportTeachings
SMOS59,ServletShowClassroomByAcademicYear
SMOS59,ServletShowClassroomDetails
SMOS59,ServletShowStudentsByClass
SMOS59,ServletShowUserTeachingForm
SMOS59,ServletUpdateRegister
SMOS59,ServletUpdateReport
SMOS6,ConnectionPoolDataSource
SMOS6,DBConnection
SMOS6,Justify
SMOS6,ManagerAddress
SMOS6,ManagerClassroom
SMOS6,ManagerRegister
SMOS6,ManagerVotes
SMOS6,Note
SMOS6,RegisterLine
SMOS6,ServletAlterPersonalDate
SMOS6,ServletAssignParentStudent
SMOS6,ServletAssignRole
SMOS6,ServletAssignStudentClassroom
SMOS6,ServletDeleteJustify
SMOS6,ServletDeleteUser
SMOS6,ServletInsertClassroom
SMOS6,ServletInsertNewNote
SMOS6,ServletInsertUser
SMOS6,ServletRemoveStudentClassroom
SMOS6,ServletUpdateRegister
SMOS6,ServletUpdateUser
SMOS6,TestRegister
SMOS6,User
SMOS6,UserListItem
SMOS60,Absence
SMOS60,Delay
SMOS60,Justify
SMOS60,ManagerClassroom
SMOS60,Note
SMOS60,RegisterLine
SMOS60,ServletAssignParentStudent
SMOS60,ServletAssignStudentClassroom
SMOS60,ServletDeleteReport
SMOS60,ServletInsertClassroom
SMOS60,ServletRemoveStudentClassroom
SMOS60,ServletShowJustifyList
SMOS60,ServletShowStudentsByClass
SMOS60,ServletUpdateRegister
SMOS60,TestRegister
SMOS60,Utility
SMOS61,Absence
SMOS61,ConnectionPoolDataSource
SMOS61,Delay
SMOS61,Justify
SMOS61,ManagerClassroom
SMOS61,ManagerRegister
SMOS61,ManagerVotes
SMOS61,Note
SMOS61,RegisterLine
SMOS61,Report
SMOS61,ServletAlterPersonalDate
SMOS61,ServletAssignParentStudent
SMOS61,ServletAssignRole
SMOS61,ServletAssignStudentClassroom
SMOS61,ServletDeleteReport
SMOS61,ServletInsertUser
SMOS61,ServletRemoveStudentClassroom
SMOS61,ServletShowStudentsByClass
SMOS61,ServletShowUserDetails
SMOS61,ServletShowUserTeachingForm
SMOS61,ServletUpdateRegister
SMOS61,ServletUpdateUser
SMOS61,TestRegister
SMOS61,User
SMOS61,Utility
SMOS62,Delay
SMOS62,Justify
SMOS62,ManagerClassroom
SMOS62,ManagerVotes
SMOS62,Note
SMOS62,RegisterLine
SMOS62,ServletAddTeachingAsTeacher
SMOS62,ServletAddressTeachings
SMOS62,ServletAssignParentStudent
SMOS62,ServletAssignRole
SMOS62,ServletAssignStudentClassroom
SMOS62,ServletDeleteReport
SMOS62,ServletDeleteTeaching
SMOS62,ServletInsertClassroom
SMOS62,ServletRemoveStudentClassroom
SMOS62,ServletRemoveTeachingAsTeacher
SMOS62,ServletReportTeachings
SMOS62,ServletShowClassroomByAcademicYear
SMOS62,ServletShowClassroomDetails
SMOS62,ServletShowClassroomList
SMOS62,ServletShowClassroomManagement
SMOS62,ServletShowStudentsByClass
SMOS62,ServletShowUserRoleForm
SMOS62,ServletShowUserTeachingForm
SMOS62,ServletUpdateRegister
SMOS62,ServletUpdateReport
SMOS63,Absence
SMOS63,Address
SMOS63,Classroom
SMOS63,ConnectionPoolDataSource
SMOS63,DBConnection
SMOS63,Delay
SMOS63,ManagerAddress
SMOS63,ManagerClassroom
SMOS63,ManagerRegister
SMOS63,ManagerTeaching
SMOS63,ManagerVotes
SMOS63,Note
SMOS63,RegisterLine
SMOS63,ServletAddTeachingAsTeacher
SMOS63,ServletAddressTeachings
SMOS63,ServletAssignParentStudent
SMOS63,ServletAssignRole
SMOS63,ServletAssignStudentClassroom
SMOS63,ServletComputateStatistics
SMOS63,ServletDeleteNote
SMOS63,ServletDeleteReport
SMOS63,ServletInsertNewNote
SMOS63,ServletLoadYear
SMOS63,ServletRemoveStudentClassroom
SMOS63,ServletRemoveTeachingAsTeacher
SMOS63,ServletReportTeachings
SMOS63,ServletShowJustifyList
SMOS63,ServletShowNoteDetails
SMOS63,ServletShowNoteList
SMOS63,ServletShowStudentsByClass
SMOS63,ServletShowUserTeachingForm
SMOS63,ServletUpdateRegister
SMOS63,ServletUpdateReport
SMOS63,TestRegister
SMOS63,UserListItem
SMOS63,Utility
SMOS64,Absence
SMOS64,Classroom
SMOS64,Delay
SMOS64,Justify
SMOS64,ManagerClassroom
SMOS64,ManagerRegister
SMOS64,ManagerVotes
SMOS64,Note
SMOS64,ServletAssignRole
SMOS64,ServletAssignStudentClassroom
SMOS64,ServletDeleteReport
SMOS64,ServletLoadYear
SMOS64,ServletRemoveStudentClassroom
SMOS64,ServletShowClassroomByAcademicYear
SMOS64,ServletShowClassroomManagement
SMOS64,ServletShowJustifyList
SMOS64,ServletShowNoteList
SMOS64,ServletShowRegister
SMOS64,ServletShowStudentsByClass
SMOS64,ServletUpdateRegister
SMOS64,TestRegister
SMOS64,Votes
SMOS65,Absence
SMOS65,ConnectionPoolDataSource
SMOS65,Delay
SMOS65,Justify
SMOS65,ManagerClassroom
SMOS65,ManagerRegister
SMOS65,Note
SMOS65,RegisterLine
SMOS65,ServletAssignStudentClassroom
SMOS65,ServletComputateStatistics
SMOS65,ServletDeleteClassroom
SMOS65,ServletDeleteJustify
SMOS65,ServletDeleteNote
SMOS65,ServletDeleteReport
SMOS65,ServletInsertClassroom
SMOS65,ServletInsertJustify
SMOS65,ServletInsertNewNote
SMOS65,ServletRemoveStudentClassroom
SMOS65,ServletShowClassroomByAcademicYear
SMOS65,ServletShowClassroomManagement
SMOS65,ServletShowJustifyList
SMOS65,ServletShowNoteDetails
SMOS65,ServletShowNoteList
SMOS65,ServletShowRegister
SMOS65,ServletShowStudentsByClass
SMOS65,ServletUpdateJustify
SMOS65,ServletUpdateRegister
SMOS65,TestRegister
SMOS65,Utility
SMOS66,Absence
SMOS66,Classroom
SMOS66,Delay
SMOS66,Justify
SMOS66,ManagerClassroom
SMOS66,ManagerRegister
SMOS66,ManagerTeaching
SMOS66,ManagerVotes
SMOS66,Note
SMOS66,RegisterLine
SMOS66,Report
SMOS66,ServletAddTeachingAsTeacher
SMOS66,ServletAddressTeachings
SMOS66,ServletAssignParentStudent
SMOS66,ServletAssignRole
SMOS66,ServletAssignStudentClassroom
SMOS66,ServletDeleteClassroom
SMOS66,ServletDeleteReport
SMOS66,ServletDeleteTeaching
SMOS66,ServletInsertClassroom
SMOS66,ServletInsertReport
SMOS66,ServletLoadClassByAccademicYear
SMOS66,ServletRemoveStudentClassroom
SMOS66,ServletRemoveTeachingAsTeacher
SMOS66,ServletReportTeachings
SMOS66,ServletShowClassroomByAcademicYear
SMOS66,ServletShowClassroomList
SMOS66,ServletShowClassroomManagement
SMOS66,ServletShowStudentsByClass
SMOS66,ServletShowUserRoleForm
SMOS66,ServletShowUserTeachingForm
SMOS66,ServletUpdateRegister
SMOS66,ServletUpdateReport
SMOS66,TestRegister
SMOS66,Utility
SMOS66,Votes
SMOS67,ConnectionPoolDataSource
SMOS67,ManagerAddress
SMOS67,ManagerClassroom
SMOS67,ManagerRegister
SMOS67,ManagerVotes
SMOS67,RegisterLine
SMOS67,ServletAlterPersonalDate
SMOS67,ServletAssignParentStudent
SMOS67,ServletAssignStudentClassroom
SMOS67,ServletDeleteJustify
SMOS67,ServletDeleteNote
SMOS67,ServletDeleteReport
SMOS67,ServletInsertClassroom
SMOS67,ServletInsertJustify
SMOS67,ServletInsertNewNote
SMOS67,ServletInsertUser
SMOS67,ServletRemoveStudentClassroom
SMOS67,ServletShowClassroomManagement
SMOS67,ServletShowJustifyDetails
SMOS67,ServletShowJustifyList
SMOS67,ServletShowNoteDetails
SMOS67,ServletShowNoteList
SMOS67,ServletShowRegister
SMOS67,ServletShowStudentsByClass
SMOS67,ServletUpdateJustify
SMOS67,ServletUpdateRegister
SMOS67,ServletUpdateUser
SMOS67,TestRegister
SMOS67,User
SMOS67,UserListItem
SMOS7,Absence
SMOS7,Delay
SMOS7,Justify
SMOS7,ManagerClassroom
SMOS7,Note
SMOS7,RegisterLine
SMOS7,ServletAlterPersonalDate
SMOS7,ServletAssignParentStudent
SMOS7,ServletAssignRole
SMOS7,ServletAssignStudentClassroom
SMOS7,ServletDeleteJustify
SMOS7,ServletDeleteNote
SMOS7,ServletDeleteUser
SMOS7,ServletInsertUser
SMOS7,ServletRemoveStudentClassroom
SMOS7,ServletReportTeachings
SMOS7,ServletShowAddressDetails
SMOS7,ServletShowAddressList
SMOS7,ServletShowNoteList
SMOS7,ServletShowUserDetails
SMOS7,ServletShowUserList
SMOS7,ServletShowUserRoleForm
SMOS7,ServletShowUserTeachingForm
SMOS7,ServletUpdateRegister
SMOS7,ServletUpdateUser
SMOS7,User
SMOS7,UserListItem
SMOS7,Utility
SMOS7,Votes
SMOS8,Absence
SMOS8,Delay
SMOS8,Justify
SMOS8,ManagerRegister
SMOS8,ManagerVotes
SMOS8,Note
SMOS8,RegisterLine
SMOS8,ServletAlterPersonalDate
SMOS8,ServletAssignParentStudent
SMOS8,ServletAssignRole
SMOS8,ServletAssignStudentClassroom
SMOS8,ServletDeleteJustify
SMOS8,ServletDeleteUser
SMOS8,ServletInsertUser
SMOS8,ServletRemoveStudentClassroom
SMOS8,ServletShowNoteDetails
SMOS8,ServletShowUserDetails
SMOS8,ServletShowUserList
SMOS8,ServletShowUserRoleForm
SMOS8,ServletShowUserTeachingForm
SMOS8,ServletUpdateRegister
SMOS8,ServletUpdateUser
SMOS8,TestRegister
SMOS8,User
SMOS8,UserListItem
SMOS8,Votes
SMOS9,ConnectionPoolDataSource
SMOS9,ManagerAddress
SMOS9,ManagerClassroom
SMOS9,ManagerRegister
SMOS9,ManagerVotes
SMOS9,ServletAlterPersonalDate
SMOS9,ServletAssignParentStudent
SMOS9,ServletAssignRole
SMOS9,ServletAssignStudentClassroom
SMOS9,ServletDeleteClassroom
SMOS9,ServletDeleteNote
SMOS9,ServletDeleteUser
SMOS9,ServletInsertUser
SMOS9,ServletRemoveStudentClassroom
SMOS9,ServletShowUserDetails
SMOS9,ServletShowUserList
SMOS9,ServletShowUserRoleForm
SMOS9,ServletShowUserTeachingForm
SMOS9,ServletUpdateRegister
SMOS9,ServletUpdateUser
SMOS9,User
SMOS9,Votes