UC1,Authentication
UC1,Banner
UC1,BeanOperatorAgency
UC1,CardBC
UC1,CardPR
UC1,ControlServerLauncher
UC1,CulturalHeritage
UC1,CulturalHeritageAgencyManager
UC1,DBAgencyOperator
UC1,DBRefreshmentPointOperator
UC1,IAuthentication
UC1,ICulturalHeritageAgencyManager
UC1,ICulturalHeritageCommonManager
UC1,IDBAgencyOperator
UC1,IDBCulturalHeritage
UC1,IDBSearchPreference
UC1,IDBTourist
UC1,IRefreshmentPointAgencyManager
UC1,ITagAgencyOperatorManager
UC1,ITouristClientManager
UC1,News
UC1,OperatorAgency
UC1,RefreshmentPoint
UC1,RefreshmentPointAgencyManager
UC1,RefreshmentPointCommonManager
UC1,Search
UC1,StandardSearch
UC1,TagAgencyOperatorManager
UC1,Tourist
UC1,TouristAgencyManager
UC1,TouristCard
UC1,TouristClientManager
UC1,TouristCommonManager
UC10,AdvertisementManager
UC10,Authentication
UC10,Banner
UC10,BeanConvention
UC10,BeanMenu
UC10,BeanOperatorAgency
UC10,CardBC
UC10,CardPR
UC10,ControlServerLauncher
UC10,ControllDataAdvertisement
UC10,CulturalHeritage
UC10,DBAgencyOperator
UC10,DBDish
UC10,DBMenu
UC10,DBRefreshmentPoint
UC10,DBVisitPR
UC10,IAuthentication
UC10,ICulturalHeritageAgencyManager
UC10,ICulturalHeritageCommonManager
UC10,IDBAgencyOperator
UC10,IDBRefreshmentPoint
UC10,IDBTourist
UC10,IDBVisitPR
UC10,IRefreshmentPointAgencyManager
UC10,IRefreshmentPointCommonManager
UC10,ISearch
UC10,ITagAgencyOperatorManager
UC10,News
UC10,OperatorAgency
UC10,RefreshmentPoint
UC10,RefreshmentPointCommonManager
UC10,Search
UC10,StandardSearch
UC10,TagAgencyOperatorManager
UC10,Tourist
UC10,TouristAgencyManager
UC10,TouristClientManager
UC10,TouristCommonManager
UC11,AdvertisementManager
UC11,Authentication
UC11,Banner
UC11,BannerDialog
UC11,BeanOperatorAgency
UC11,CardBC
UC11,CardPR
UC11,ControlServerLauncher
UC11,ControllDataAdvertisement
UC11,CulturalHeritage
UC11,DBAgencyOperator
UC11,DBConvention
UC11,DBVisitPR
UC11,IAuthentication
UC11,ICulturalHeritageAgencyManager
UC11,ICulturalHeritageCommonManager
UC11,IDBConvention
UC11,IRefreshmentPointAgencyManager
UC11,ITouristAgencyManager
UC11,News
UC11,OperatorAgency
UC11,RefreshmentPoint
UC11,RefreshmentPointAgencyManager
UC11,RefreshmentPointCommonManager
UC11,ReportStatistic
UC11,StandardSearch
UC11,Tag
UC11,Tourist
UC11,TouristAgencyManager
UC11,TouristClientManager
UC11,TouristCommonManager
UC12,AdvertisementManager
UC12,Authentication
UC12,Banner
UC12,BeanOperatorAgency
UC12,CardBC
UC12,CardPR
UC12,ControlServerLauncher
UC12,ControllDataAdvertisement
UC12,CulturalHeritage
UC12,DBAgencyOperator
UC12,DBSearchPreference
UC12,DBVisitPR
UC12,IAuthentication
UC12,ICulturalHeritageAgencyManager
UC12,ICulturalHeritageCommonManager
UC12,IDBAgencyOperator
UC12,IDBTourist
UC12,ITagAgencyOperatorManager
UC12,ITouristAgencyManager
UC12,ITouristClientManager
UC12,News
UC12,OperatorAgency
UC12,RefreshmentPoint
UC12,RefreshmentPointCommonManager
UC12,Search
UC12,TagAgencyOperatorManager
UC12,Tourist
UC12,TouristAgencyManager
UC12,TouristCard
UC12,TouristClientManager
UC12,TouristCommonManager
UC13,Authentication
UC13,Banner
UC13,BannerDialog
UC13,BeanTourist
UC13,CardBC
UC13,CardPR
UC13,ControlServerLauncher
UC13,ControllDataAdvertisement
UC13,CulturalHeritage
UC13,DBAgencyOperator
UC13,IAuthentication
UC13,ICulturalHeritageAgencyManager
UC13,ICulturalHeritageCommonManager
UC13,IDBTourist
UC13,IRefreshmentPointAgencyManager
UC13,ITouristAgencyManager
UC13,News
UC13,OperatorAgency
UC13,RefreshmentPoint
UC13,RefreshmentPointAgencyManager
UC13,RefreshmentPointCommonManager
UC13,ReportStatistic
UC13,Tag
UC13,Tourist
UC13,TouristAgencyManager
UC13,TouristCard
UC13,TouristClientManager
UC13,TouristCommonManager
UC13,TouristTableModel
UC14,AdvancedSearch
UC14,AdvertisementManager
UC14,Authentication
UC14,Banner
UC14,BeanOperatorAgency
UC14,BeanTourist
UC14,CardBC
UC14,CardPR
UC14,ControlServerLauncher
UC14,ControllDataAdvertisement
UC14,CulturalHeritage
UC14,CulturalHeritageAgencyManager
UC14,CulturalHeritageCommonManager
UC14,DBAgencyOperator
UC14,DBMenu
UC14,FeedBackTableModel
UC14,IAuthentication
UC14,ICulturalHeritageAgencyManager
UC14,ICulturalHeritageCommonManager
UC14,IDBAgencyOperator
UC14,IDBCulturalHeritage
UC14,IDBRefreshmentPoint
UC14,IDBSearchPreference
UC14,IDBTourist
UC14,IDBVisitPR
UC14,ISearch
UC14,ITagAgencyOperatorManager
UC14,ITouristAgencyManager
UC14,ITouristClientManager
UC14,News
UC14,OperatorAgency
UC14,RefreshmentPoint
UC14,RefreshmentPointAgencyManager
UC14,RefreshmentPointCommonManager
UC14,ReportStatistic
UC14,Search
UC14,TagAgencyOperatorManager
UC14,Tourist
UC14,TouristAgencyManager
UC14,TouristCard
UC14,TouristClientManager
UC14,TouristCommonManager
UC15,AdvertisementManager
UC15,Authentication
UC15,Banner
UC15,BannerDialog
UC15,BeanOperatorAgency
UC15,CardBC
UC15,CardPR
UC15,ControlServerLauncher
UC15,ControllDataAdvertisement
UC15,CulturalHeritage
UC15,CulturalHeritageAgencyManager
UC15,DBAgencyOperator
UC15,DBTourist
UC15,IAuthentication
UC15,ICulturalHeritageAgencyManager
UC15,ICulturalHeritageCommonManager
UC15,IDBAgencyOperator
UC15,IDBDish
UC15,IDBTourist
UC15,IRefreshmentPointAgencyManager
UC15,ITagAgencyOperatorManager
UC15,ITouristAgencyManager
UC15,ITouristClientManager
UC15,News
UC15,OperatorAgency
UC15,RefreshmentPoint
UC15,RefreshmentPointAgencyManager
UC15,RefreshmentPointCommonManager
UC15,Search
UC15,TagAgencyOperatorManager
UC15,Tourist
UC15,TouristAgencyManager
UC15,TouristCard
UC15,TouristClientManager
UC15,TouristCommonManager
UC15,TouristTableModel
UC16,Authentication
UC16,AverageRatingRenderer
UC16,Banner
UC16,BeanOperatorAgency
UC16,CardBC
UC16,CardPR
UC16,ControlServerLauncher
UC16,ControllDataAdvertisement
UC16,CulturalHeritage
UC16,DBAgencyOperator
UC16,DBDish
UC16,IAuthentication
UC16,ICulturalHeritageAgencyManager
UC16,ICulturalHeritageCommonManager
UC16,IDBAgencyOperator
UC16,IDBTourist
UC16,IRefreshmentPointAgencyManager
UC16,ITagAgencyOperatorManager
UC16,ITouristAgencyManager
UC16,ITouristClientManager
UC16,News
UC16,OperatorAgency
UC16,RefreshmentPoint
UC16,RefreshmentPointAgencyManager
UC16,RefreshmentPointCommonManager
UC16,TagAgencyOperatorManager
UC16,Tourist
UC16,TouristAgencyManager
UC16,TouristCard
UC16,TouristClientManager
UC16,TouristCommonManager
UC17,AdvertisementAgencyManager
UC17,AdvertisementManager
UC17,Authentication
UC17,Banner
UC17,BannerDialog
UC17,BannerNode
UC17,BeanOperatorAgency
UC17,CardBC
UC17,CardPR
UC17,ControlData
UC17,ControlServerLauncher
UC17,ControllDataAdvertisement
UC17,CulturalHeritage
UC17,CulturalHeritageCommonManager
UC17,DBAgencyOperator
UC17,DBBanner
UC17,IAdvertisementManager
UC17,IAuthentication
UC17,ICulturalHeritageAgencyManager
UC17,ICulturalHeritageCommonManager
UC17,IDBAgencyOperator
UC17,IDBBanner
UC17,IDBRefreshmentPoint
UC17,IRefreshmentPointAgencyManager
UC17,ISearch
UC17,ITagAgencyOperatorManager
UC17,News
UC17,OperatorAgency
UC17,RefreshmentPoint
UC17,RefreshmentPointCommonManager
UC17,Search
UC17,StandardSearch
UC17,TagAgencyOperatorManager
UC17,Tourist
UC17,TouristAgencyManager
UC17,TouristCard
UC17,TouristClientManager
UC17,TouristCommonManager
UC18,AdvertisementManager
UC18,Banner
UC18,BannerDialog
UC18,CardBC
UC18,CardPR
UC18,ControlData
UC18,ControlServerLauncher
UC18,ControllDataAdvertisement
UC18,CulturalHeritage
UC18,CulturalHeritageChecker
UC18,DBConvention
UC18,DBSearchPreference
UC18,DBVisitPR
UC18,DeskManager
UC18,ErrorMessage
UC18,IAdvertisementAgencyManager
UC18,IAdvertisementManager
UC18,IDBBanner
UC18,News
UC18,NewsTableModelTest
UC18,RefreshmentPoint
UC18,ReportStatistic
UC18,Search
UC18,Tag
UC18,TagAgencyOperatorManager
UC18,Tourist
UC18,TouristAgencyManager
UC18,TouristCard
UC18,TouristCommonManager
UC19,AdvertisementManager
UC19,Authentication
UC19,Banner
UC19,BannerDialog
UC19,BeanOperatorAgency
UC19,CardBC
UC19,CardPR
UC19,ControlServerLauncher
UC19,ControllDataAdvertisement
UC19,CulturalHeritage
UC19,DBAgencyOperator
UC19,DBBanner
UC19,IAdvertisementManager
UC19,IAuthentication
UC19,ICulturalHeritageAgencyManager
UC19,ICulturalHeritageCommonManager
UC19,IDBAgencyOperator
UC19,IDBBanner
UC19,IDBRefreshmentPoint
UC19,IRefreshmentPointAgencyManager
UC19,ISearch
UC19,ITagAgencyOperatorManager
UC19,News
UC19,OperatorAgency
UC19,RefreshmentPoint
UC19,RefreshmentPointAgencyManager
UC19,RefreshmentPointCommonManager
UC19,Search
UC19,StandardSearch
UC19,TagAgencyOperatorManager
UC19,Tourist
UC19,TouristAgencyManager
UC19,TouristCard
UC19,TouristClientManager
UC19,TouristCommonManager
UC2,AdvertisementManager
UC2,Authentication
UC2,Banner
UC2,BannerDialog
UC2,BeanCulturalHeritage
UC2,BeanOperatorAgency
UC2,CardBC
UC2,CardPR
UC2,ControlServerLauncher
UC2,CulturalHeritage
UC2,CulturalHeritageAgencyManager
UC2,CulturalHeritageChecker
UC2,CulturalHeritageCommonManager
UC2,DBAgencyOperator
UC2,DBCulturalHeritage
UC2,DBRefreshmentPointOperator
UC2,IAuthentication
UC2,ICulturalHeritageAgencyManager
UC2,ICulturalHeritageCommonManager
UC2,IDBAgencyOperator
UC2,IDBCulturalHeritage
UC2,IDBTourist
UC2,IDBVisitBC
UC2,IRefreshmentPointAgencyManager
UC2,ITagAgencyOperatorManager
UC2,ITouristClientManager
UC2,News
UC2,OperatorAgency
UC2,RefreshmentPoint
UC2,RefreshmentPointAgencyManager
UC2,RefreshmentPointCommonManager
UC2,ReportStatistic
UC2,TagAgencyOperatorManager
UC2,Tourist
UC2,TouristAgencyManager
UC2,TouristCard
UC2,TouristClientManager
UC2,TouristCommonManager
UC20,AdvertisementAgencyManager
UC20,AdvertisementManager
UC20,Authentication
UC20,Banner
UC20,BannerDialog
UC20,BannerNode
UC20,BeanConvention
UC20,BeanOperatorAgency
UC20,CardBC
UC20,CardPR
UC20,ControlData
UC20,ControlServerLauncher
UC20,ControllDataAdvertisement
UC20,CulturalHeritage
UC20,DBAgencyOperator
UC20,DBBanner
UC20,DBRefreshmentPointOperator
UC20,DBSearchPreference
UC20,DBVisitPR
UC20,ErrorMessage
UC20,IAdvertisementManager
UC20,IAuthentication
UC20,ICulturalHeritageAgencyManager
UC20,ICulturalHeritageCommonManager
UC20,IDBAgencyOperator
UC20,IDBBanner
UC20,IDBRefreshmentPoint
UC20,IRefreshmentPointAgencyManager
UC20,ITagAgencyOperatorManager
UC20,ITouristClientManager
UC20,News
UC20,NewsTableModelTest
UC20,OperatorAgency
UC20,RefreshmentPoint
UC20,RefreshmentPointAgencyManager
UC20,RefreshmentPointCommonManager
UC20,Search
UC20,StandardSearch
UC20,TagAgencyOperatorManager
UC20,Tourist
UC20,TouristAgencyManager
UC20,TouristCard
UC20,TouristClientManager
UC20,TouristCommonManager
UC21,AdvertisementAgencyManager
UC21,AdvertisementManager
UC21,Authentication
UC21,Banner
UC21,BannerDialog
UC21,BeanNews
UC21,BeanOperatorAgency
UC21,BeanTourist
UC21,CardBC
UC21,CardPR
UC21,ControlServerLauncher
UC21,ControllDataAdvertisement
UC21,CulturalHeritage
UC21,CulturalHeritageAgencyManager
UC21,DBAgencyOperator
UC21,DBNews
UC21,DBRefreshmentPointOperator
UC21,DBSearchPreference
UC21,DBVisitPR
UC21,FeedBackTableModel
UC21,IAdvertisementAgencyManager
UC21,IAuthentication
UC21,ICulturalHeritageAgencyManager
UC21,ICulturalHeritageCommonManager
UC21,IDBAgencyOperator
UC21,IDBNews
UC21,IRefreshmentPointAgencyManager
UC21,ITagAgencyOperatorManager
UC21,ITouristClientManager
UC21,News
UC21,NewsTableModelTest
UC21,OperatorAgency
UC21,RefreshmentPoint
UC21,RefreshmentPointAgencyManager
UC21,RefreshmentPointCommonManager
UC21,TagAgencyOperatorManager
UC21,Tourist
UC21,TouristAgencyManager
UC21,TouristCard
UC21,TouristClientManager
UC21,TouristCommonManager
UC22,AdvertisementAgencyManager
UC22,Authentication
UC22,Banner
UC22,BeanOperatorAgency
UC22,CardBC
UC22,CardPR
UC22,ControlServerLauncher
UC22,ControllDataAdvertisement
UC22,CulturalHeritage
UC22,DBAgencyOperator
UC22,DBNews
UC22,DBRefreshmentPointOperator
UC22,IAdvertisementAgencyManager
UC22,IAuthentication
UC22,ICulturalHeritageAgencyManager
UC22,ICulturalHeritageCommonManager
UC22,IDBAgencyOperator
UC22,IDBNews
UC22,IRefreshmentPointAgencyManager
UC22,ITagAgencyOperatorManager
UC22,News
UC22,NewsTableModelTest
UC22,OperatorAgency
UC22,RefreshmentPoint
UC22,RefreshmentPointAgencyManager
UC22,RefreshmentPointCommonManager
UC22,TagAgencyOperatorManager
UC22,TestoNewsRendererTest
UC22,Tourist
UC22,TouristAgencyManager
UC22,TouristCard
UC22,TouristClientManager
UC22,TouristCommonManager
UC23,AdvertisementAgencyManager
UC23,AdvertisementManager
UC23,Authentication
UC23,Banner
UC23,BeanOperatorAgency
UC23,CardBC
UC23,CardPR
UC23,ControlServerLauncher
UC23,ControllDataAdvertisement
UC23,CulturalHeritage
UC23,CulturalHeritageAgencyManager
UC23,DBAgencyOperator
UC23,DBNews
UC23,DBRefreshmentPointOperator
UC23,GlobalConstants
UC23,IAdvertisementAgencyManager
UC23,IAuthentication
UC23,ICulturalHeritageAgencyManager
UC23,ICulturalHeritageCommonManager
UC23,IDBAgencyOperator
UC23,IDBDish
UC23,IDBNews
UC23,IDBTag
UC23,ITagAgencyOperatorManager
UC23,News
UC23,NewsTableModelTest
UC23,OperatorAgency
UC23,RefreshmentPoint
UC23,RefreshmentPointAgencyManager
UC23,RefreshmentPointCommonManager
UC23,TagAgencyOperatorManager
UC23,Tourist
UC23,TouristAgencyManager
UC23,TouristCard
UC23,TouristClientManager
UC23,TouristCommonManager
UC24,Authentication
UC24,Banner
UC24,BeanOperatorAgency
UC24,CardBC
UC24,CardPR
UC24,CulturalHeritage
UC24,CulturalHeritageCommonManager
UC24,DBAgencyOperator
UC24,DBConnectionPool
UC24,FeedBackTableModel
UC24,IAuthentication
UC24,ICulturalHeritageAgencyManager
UC24,ICulturalHeritageCommonManager
UC24,IDBAgencyOperator
UC24,IDBVisitBC
UC24,IDBVisitPR
UC24,IRefreshmentPointAgencyManager
UC24,ISearch
UC24,ITagAgencyOperatorManager
UC24,ITouristAgencyManager
UC24,News
UC24,OperatorAgency
UC24,RefreshmentPoint
UC24,RefreshmentPointAgencyManager
UC24,RefreshmentPointCommonManager
UC24,ReportStatistic
UC24,Search
UC24,StandardSearch
UC24,TagAgencyOperatorManager
UC24,Tourist
UC24,TouristAgencyManager
UC24,TouristClientManager
UC25,AdvancedSearch
UC25,Authentication
UC25,Banner
UC25,BeanCulturalHeritage
UC25,BeanOperatorAgency
UC25,BeanRefreshmentPoint
UC25,BeanTourist
UC25,CardBC
UC25,CardPR
UC25,CulturalHeritage
UC25,CulturalHeritageCommonManager
UC25,DBAgencyOperator
UC25,DBConnectionPool
UC25,DBLocationStatistic
UC25,DBRefreshmentPoint
UC25,DBVisitPR
UC25,DeskManager
UC25,IAuthentication
UC25,ICulturalHeritageAgencyManager
UC25,ICulturalHeritageCommonManager
UC25,IDBAgencyOperator
UC25,IRefreshmentPointCommonManager
UC25,ISearch
UC25,ITagAgencyOperatorManager
UC25,News
UC25,OperatorAgency
UC25,RefreshmentPoint
UC25,RefreshmentPointAgencyManager
UC25,RefreshmentPointCommonManager
UC25,ReportStatistic
UC25,ReportTableModel
UC25,Search
UC25,StandardSearch
UC25,Tag
UC25,TagAgencyOperatorManager
UC25,Tourist
UC25,TouristAgencyManager
UC25,TouristCard
UC25,TouristClientManager
UC26,AdvertisementManager
UC26,Authentication
UC26,Banner
UC26,BeanOperatorAgency
UC26,BeanVisitBC
UC26,BeanVisitPR
UC26,CardBC
UC26,CardPR
UC26,CulturalHeritage
UC26,CulturalHeritageAgencyManager
UC26,CulturalHeritageCommonManager
UC26,DBAgencyOperator
UC26,DBConnectionPool
UC26,DBRefreshmentPointOperator
UC26,DBVisitPR
UC26,FeedBackTableModel
UC26,IAuthentication
UC26,ICulturalHeritageAgencyManager
UC26,ICulturalHeritageCommonManager
UC26,IDBAgencyOperator
UC26,IDBVisitBC
UC26,IDBVisitPR
UC26,IRefreshmentPointAgencyManager
UC26,IRefreshmentPointCommonManager
UC26,ISearch
UC26,ITagAgencyOperatorManager
UC26,ITouristAgencyManager
UC26,News
UC26,OperatorAgency
UC26,RefreshmentPoint
UC26,RefreshmentPointAgencyManager
UC26,RefreshmentPointCommonManager
UC26,ReportStatistic
UC26,Search
UC26,StandardSearch
UC26,TagAgencyOperatorManager
UC26,Tourist
UC26,TouristAgencyManager
UC26,TouristCard
UC26,TouristClientManager
UC27,AdvancedSearch
UC27,Banner
UC27,CardBC
UC27,CardPR
UC27,CulturalHeritage
UC27,IAuthentication
UC27,ICulturalHeritageCommonManager
UC27,IDBCulturalHeritage
UC27,IDBSearchPreference
UC27,ISearch
UC27,News
UC27,RefreshmentPoint
UC27,Search
UC27,StandardSearch
UC27,Tourist
UC27,TouristCommonManager
UC28,Authentication
UC28,Banner
UC28,BeanOperatorAgency
UC28,CardBC
UC28,CardPR
UC28,ControlServerLauncher
UC28,ControllDataAdvertisement
UC28,CulturalHeritage
UC28,CulturalHeritageAgencyManager
UC28,DBAgencyOperator
UC28,DBRefreshmentPoint
UC28,IAuthentication
UC28,ICulturalHeritageAgencyManager
UC28,ICulturalHeritageCommonManager
UC28,IDBAgencyOperator
UC28,IDBCulturalHeritage
UC28,IDBRefreshmentPoint
UC28,IDBTag
UC28,IRefreshmentPointAgencyManager
UC28,ITagAgencyOperatorManager
UC28,ITagCommonManager
UC28,News
UC28,OperatorAgency
UC28,RefreshmentPoint
UC28,RefreshmentPointAgencyManager
UC28,RefreshmentPointCommonManager
UC28,Search
UC28,Tag
UC28,TagAgencyOperatorManager
UC28,TagTableModel
UC28,Tourist
UC28,TouristAgencyManager
UC28,TouristClientManager
UC28,TouristCommonManager
UC29,Authentication
UC29,Banner
UC29,CardBC
UC29,ControlServerLauncher
UC29,ControllDataAdvertisement
UC29,CulturalHeritage
UC29,CulturalHeritageAgencyManager
UC29,CulturalHeritageChecker
UC29,DBRefreshmentPoint
UC29,DBSearchPreference
UC29,DBVisitPR
UC29,DeskManager
UC29,IAuthentication
UC29,ICulturalHeritageCommonManager
UC29,IDBCulturalHeritage
UC29,IDBRefreshmentPoint
UC29,News
UC29,NewsTableModelTest
UC29,RefreshmentPointAgencyManager
UC29,Search
UC29,Tag
UC29,TagAgencyOperatorManager
UC29,TagCommonManager
UC29,Tourist
UC29,TouristAgencyManager
UC29,TouristCard
UC29,TouristClientManager
UC3,AdvertisementManager
UC3,Authentication
UC3,Banner
UC3,BeanCulturalHeritage
UC3,BeanOperatorAgency
UC3,CardBC
UC3,CardPR
UC3,CulturalHeritage
UC3,CulturalHeritageAgencyManager
UC3,CulturalHeritageChecker
UC3,CulturalHeritageCommonManager
UC3,CulturalHeritageVisitChecker
UC3,DBAgencyOperator
UC3,DBCulturalHeritage
UC3,DBRefreshmentPointOperator
UC3,IAuthentication
UC3,ICulturalHeritageAgencyManager
UC3,ICulturalHeritageCommonManager
UC3,IDBAgencyOperator
UC3,IDBCulturalHeritage
UC3,IDBDish
UC3,IDBVisitBC
UC3,IRefreshmentPointAgencyManager
UC3,ISearch
UC3,ITagAgencyOperatorManager
UC3,News
UC3,OperatorAgency
UC3,RefreshmentPoint
UC3,RefreshmentPointAgencyManager
UC3,RefreshmentPointCommonManager
UC3,Search
UC3,StandardSearch
UC3,TagAgencyOperatorManager
UC3,Tourist
UC3,TouristAgencyManager
UC3,TouristCard
UC3,TouristClientManager
UC3,TouristCommonManager
UC3,TouristTableModel
UC30,AdvertisementManager
UC30,Authentication
UC30,Banner
UC30,BeanOperatorAgency
UC30,BeanTourist
UC30,CardBC
UC30,CardPR
UC30,ControlServerLauncher
UC30,ControllDataAdvertisement
UC30,CulturalHeritage
UC30,CulturalHeritageAgencyManager
UC30,CulturalHeritageCommonManager
UC30,DBAgencyOperator
UC30,DBRefreshmentPoint
UC30,DBTag
UC30,ErrorMessage
UC30,IAuthentication
UC30,ICulturalHeritageAgencyManager
UC30,ICulturalHeritageCommonManager
UC30,IDBAgencyOperator
UC30,IDBCulturalHeritage
UC30,IDBRefreshmentPoint
UC30,IDBTag
UC30,IRefreshmentPointAgencyManager
UC30,ITagAgencyOperatorManager
UC30,News
UC30,OperatorAgency
UC30,RefreshmentPoint
UC30,RefreshmentPointAgencyManager
UC30,RefreshmentPointCommonManager
UC30,Search
UC30,Tag
UC30,TagAgencyOperatorManager
UC30,TagCommonManager
UC30,TagTableModel
UC30,Tourist
UC30,TouristAgencyManager
UC30,TouristCard
UC30,TouristClientManager
UC30,TouristCommonManager
UC31,Authentication
UC31,BeanOperatorAgency
UC31,CardBC
UC31,DBAgencyOperator
UC31,DBRefreshmentPointOperator
UC31,IAuthentication
UC31,IDBAgencyOperator
UC31,ITagAgencyOperatorManager
UC31,News
UC31,Tag
UC31,TouristCard
UC32,Authentication
UC32,Banner
UC32,BeanOperatorAgency
UC32,BeanOperatorRefreshmentPoint
UC32,BeanTourist
UC32,CardBC
UC32,CardPR
UC32,ControlServerLauncher
UC32,ControllDataAdvertisement
UC32,CulturalHeritage
UC32,CulturalHeritageChecker
UC32,CulturalHeritageCommonManager
UC32,DBAgencyOperator
UC32,IDBAgencyOperator
UC32,News
UC32,OperatorAgency
UC32,Search
UC32,Tag
UC32,Tourist
UC32,TouristAgencyManager
UC32,TouristCard
UC33,AdvertisementManager
UC33,Authentication
UC33,Banner
UC33,BeanOperatorAgency
UC33,BeanOperatorRefreshmentPoint
UC33,BeanTourist
UC33,CardBC
UC33,CardPR
UC33,ControlServerLauncher
UC33,ControllDataAdvertisement
UC33,CulturalHeritage
UC33,CulturalHeritageAgencyManager
UC33,DBAgencyOperator
UC33,DBTourist
UC33,FeedBackTableModel
UC33,IAuthentication
UC33,ICulturalHeritageAgencyManager
UC33,ICulturalHeritageCommonManager
UC33,IRefreshmentPointAgencyManager
UC33,ISearch
UC33,ITouristAgencyManager
UC33,ITouristClientManager
UC33,News
UC33,OperatorAgency
UC33,RefreshmentPointAgencyManager
UC33,RefreshmentPointCommonManager
UC33,Tag
UC33,Tourist
UC33,TouristAgencyManager
UC33,TouristCard
UC33,TouristClientManager
UC33,TouristCommonManager
UC34,AdvancedSearch
UC34,Authentication
UC34,Banner
UC34,BannerDialog
UC34,BeanCulturalHeritage
UC34,BeanRefreshmentPoint
UC34,BeanTourist
UC34,CardBC
UC34,CardPR
UC34,ControlServerLauncher
UC34,ControllDataAdvertisement
UC34,CulturalHeritage
UC34,CulturalHeritageAgencyManager
UC34,FeedBackTableModel
UC34,IAuthentication
UC34,ICulturalHeritageCommonManager
UC34,IDBCulturalHeritage
UC34,IDBRefreshmentPoint
UC34,IDBSearchPreference
UC34,IDBTourist
UC34,ISearch
UC34,News
UC34,RefreshmentPoint
UC34,Search
UC34,StandardSearch
UC34,Tourist
UC34,TouristAgencyManager
UC34,TouristCard
UC34,TouristClientManager
UC34,TouristCommonManager
UC35,Authentication
UC35,Banner
UC35,BannerDialog
UC35,BeanOperatorAgency
UC35,BeanTourist
UC35,CardBC
UC35,CardPR
UC35,ControlServerLauncher
UC35,ControllDataAdvertisement
UC35,CulturalHeritage
UC35,CulturalHeritageCommonManager
UC35,DBAgencyOperator
UC35,DBRefreshmentPointOperator
UC35,DBTourist
UC35,IAuthentication
UC35,ICulturalHeritageCommonManager
UC35,ITouristAgencyManager
UC35,ITouristClientManager
UC35,News
UC35,OperatorAgency
UC35,RefreshmentPointAgencyManager
UC35,RefreshmentPointCommonManager
UC35,TagCommonManager
UC35,Tourist
UC35,TouristAgencyManager
UC35,TouristCard
UC35,TouristClientManager
UC35,TouristCommonManager
UC36,AdvertisementManager
UC36,Authentication
UC36,Banner
UC36,CardBC
UC36,ControlData
UC36,ControlServerLauncher
UC36,ControllDataAdvertisement
UC36,CulturalHeritage
UC36,CulturalHeritageChecker
UC36,CulturalHeritageCommonManager
UC36,DBSearchPreference
UC36,DBVisitPR
UC36,DeskManager
UC36,ErrorMessage
UC36,IAuthentication
UC36,ICulturalHeritageCommonManager
UC36,News
UC36,NewsTableModelTest
UC36,RefreshmentPointCommonManager
UC36,Search
UC36,Tag
UC36,Tourist
UC36,TouristAgencyManager
UC36,TouristCard
UC36,TouristClientManager
UC37,Authentication
UC37,Banner
UC37,BeanTourist
UC37,CardBC
UC37,ControlServerLauncher
UC37,ControllDataAdvertisement
UC37,CulturalHeritage
UC37,DBConnectionPool
UC37,DBDish
UC37,DBRefreshmentPointOperator
UC37,DBSearchPreference
UC37,DBTourist
UC37,DBVisitPR
UC37,IAuthentication
UC37,ICulturalHeritageAgencyManager
UC37,ICulturalHeritageCommonManager
UC37,IRefreshmentPointAgencyManager
UC37,ITouristAgencyManager
UC37,ITouristClientManager
UC37,News
UC37,Tag
UC37,Tourist
UC37,TouristAgencyManager
UC37,TouristCard
UC37,TouristClientManager
UC37,TouristCommonManager
UC38,AdvertisementAgencyManager
UC38,AdvertisementManager
UC38,Authentication
UC38,Banner
UC38,BannerDialog
UC38,BannerNode
UC38,BeanConvention
UC38,BeanOperatorRefreshmentPoint
UC38,CardBC
UC38,CardPR
UC38,ControlData
UC38,ControlServerLauncher
UC38,ControllDataAdvertisement
UC38,CulturalHeritage
UC38,DBBanner
UC38,DBConvention
UC38,DBRefreshmentPointOperator
UC38,DBSearchPreference
UC38,DBVisitPR
UC38,ErrorMessage
UC38,IAdvertisementManager
UC38,IAuthentication
UC38,ICulturalHeritageAgencyManager
UC38,ICulturalHeritageCommonManager
UC38,IDBBanner
UC38,IDBRefreshmentPointOperator
UC38,IRefreshmentPointAgencyManager
UC38,ITouristClientManager
UC38,News
UC38,NewsTableModelTest
UC38,RefreshmentPointAgencyManager
UC38,RefreshmentPointCommonManager
UC38,TagAgencyOperatorManager
UC38,Tourist
UC38,TouristAgencyManager
UC38,TouristCard
UC38,TouristClientManager
UC38,TouristCommonManager
UC39,AdvertisementAgencyManager
UC39,AdvertisementManager
UC39,Authentication
UC39,Banner
UC39,BannerDialog
UC39,BannerNode
UC39,BeanOperatorRefreshmentPoint
UC39,CardBC
UC39,CardPR
UC39,ControlData
UC39,ControlServerLauncher
UC39,ControllDataAdvertisement
UC39,CulturalHeritage
UC39,CulturalHeritageCommonManager
UC39,DBBanner
UC39,DBRefreshmentPointOperator
UC39,IAdvertisementManager
UC39,IAuthentication
UC39,ICulturalHeritageCommonManager
UC39,IDBBanner
UC39,IDBRefreshmentPointOperator
UC39,IRefreshmentPointAgencyManager
UC39,News
UC39,RefreshmentPointAgencyManager
UC39,RefreshmentPointCommonManager
UC39,Tourist
UC39,TouristAgencyManager
UC39,TouristCard
UC39,TouristClientManager
UC39,TouristCommonManager
UC4,AdvancedSearch
UC4,AdvertisementManager
UC4,Banner
UC4,CardBC
UC4,CardPR
UC4,CulturalHeritage
UC4,CulturalHeritageAgencyManager
UC4,CulturalHeritageCommonManager
UC4,DBMenu
UC4,DBRefreshmentPoint
UC4,IAuthentication
UC4,ICulturalHeritageAgencyManager
UC4,ICulturalHeritageCommonManager
UC4,IDBCulturalHeritage
UC4,IDBRefreshmentPoint
UC4,ISearch
UC4,News
UC4,RefreshmentPoint
UC4,RefreshmentPointCommonManager
UC4,Search
UC4,StandardSearch
UC4,Tourist
UC4,TouristAgencyManager
UC4,TouristCard
UC4,TouristCommonManager
UC40,AdvertisementManager
UC40,Authentication
UC40,Banner
UC40,BannerDialog
UC40,BeanOperatorRefreshmentPoint
UC40,CardBC
UC40,ControlData
UC40,ControlServerLauncher
UC40,ControllDataAdvertisement
UC40,CulturalHeritage
UC40,DBBanner
UC40,DBRefreshmentPointOperator
UC40,IAdvertisementManager
UC40,IAuthentication
UC40,ICulturalHeritageAgencyManager
UC40,ICulturalHeritageCommonManager
UC40,IDBBanner
UC40,IDBRefreshmentPointOperator
UC40,IRefreshmentPointAgencyManager
UC40,News
UC40,RefreshmentPointAgencyManager
UC40,RefreshmentPointCommonManager
UC40,Tourist
UC40,TouristAgencyManager
UC40,TouristCard
UC40,TouristClientManager
UC40,TouristCommonManager
UC41,AdvertisementManager
UC41,Authentication
UC41,Banner
UC41,BeanMenu
UC41,BeanOperatorRefreshmentPoint
UC41,CardBC
UC41,CardPR
UC41,ControlData
UC41,ControlServerLauncher
UC41,ControllDataAdvertisement
UC41,CulturalHeritage
UC41,CulturalHeritageAgencyManager
UC41,CulturalHeritageCommonManager
UC41,DBDish
UC41,DBMenu
UC41,DBRefreshmentPoint
UC41,DBRefreshmentPointOperator
UC41,ErrorMessage
UC41,IAuthentication
UC41,ICulturalHeritageAgencyManager
UC41,ICulturalHeritageCommonManager
UC41,IDBDish
UC41,IDBMenu
UC41,IDBRefreshmentPointOperator
UC41,IRefreshmentPointAgencyManager
UC41,News
UC41,RefreshmentPoint
UC41,RefreshmentPointAgencyManager
UC41,RefreshmentPointCommonManager
UC41,Tourist
UC41,TouristAgencyManager
UC41,TouristCard
UC41,TouristClientManager
UC41,TouristCommonManager
UC42,Authentication
UC42,Banner
UC42,BeanOperatorRefreshmentPoint
UC42,CardBC
UC42,ControlData
UC42,ControlServerLauncher
UC42,ControllDataAdvertisement
UC42,CulturalHeritage
UC42,DBDish
UC42,DBMenu
UC42,DBRefreshmentPoint
UC42,DBRefreshmentPointOperator
UC42,IAuthentication
UC42,ICulturalHeritageAgencyManager
UC42,ICulturalHeritageCommonManager
UC42,IDBMenu
UC42,IDBRefreshmentPointOperator
UC42,IRefreshmentPointAgencyManager
UC42,News
UC42,RefreshmentPoint
UC42,RefreshmentPointAgencyManager
UC42,RefreshmentPointCommonManager
UC42,Tourist
UC42,TouristAgencyManager
UC42,TouristCard
UC42,TouristClientManager
UC42,TouristCommonManager
UC43,AdvertisementManager
UC43,Authentication
UC43,Banner
UC43,BeanConvention
UC43,BeanMenu
UC43,BeanOperatorRefreshmentPoint
UC43,CardBC
UC43,CardPR
UC43,ControlData
UC43,ControlServerLauncher
UC43,ControllDataAdvertisement
UC43,CulturalHeritage
UC43,CulturalHeritageAgencyManager
UC43,DBMenu
UC43,DBRefreshmentPoint
UC43,DBRefreshmentPointOperator
UC43,IAuthentication
UC43,ICulturalHeritageAgencyManager
UC43,ICulturalHeritageCommonManager
UC43,IDBDish
UC43,IDBRefreshmentPoint
UC43,IDBRefreshmentPointOperator
UC43,IRefreshmentPointAgencyManager
UC43,IRefreshmentPointCommonManager
UC43,ITouristClientManager
UC43,News
UC43,RefreshmentPoint
UC43,RefreshmentPointAgencyManager
UC43,RefreshmentPointCommonManager
UC43,ReportStatistic
UC43,ReportTableModel
UC43,Search
UC43,SiteTableModel
UC43,Tourist
UC43,TouristAgencyManager
UC43,TouristCard
UC43,TouristClientManager
UC43,TouristCommonManager
UC44,AdvertisementManager
UC44,Authentication
UC44,Banner
UC44,BeanConvention
UC44,BeanOperatorRefreshmentPoint
UC44,CardBC
UC44,ControlData
UC44,ControlServerLauncher
UC44,ControllDataAdvertisement
UC44,CulturalHeritage
UC44,CulturalHeritageAgencyManager
UC44,DBConvention
UC44,DBMenu
UC44,DBRefreshmentPoint
UC44,DBRefreshmentPointOperator
UC44,DBSearchPreference
UC44,DBVisitPR
UC44,IAuthentication
UC44,ICulturalHeritageAgencyManager
UC44,ICulturalHeritageCommonManager
UC44,IDBConvention
UC44,IDBRefreshmentPointOperator
UC44,IRefreshmentPointAgencyManager
UC44,ITouristAgencyManager
UC44,News
UC44,RefreshmentPointAgencyManager
UC44,RefreshmentPointCommonManager
UC44,Tag
UC44,TagAgencyOperatorManager
UC44,Tourist
UC44,TouristAgencyManager
UC44,TouristCard
UC44,TouristClientManager
UC44,TouristCommonManager
UC45,Authentication
UC45,Banner
UC45,BeanMenu
UC45,BeanOperatorRefreshmentPoint
UC45,CardBC
UC45,CardPR
UC45,ControlServerLauncher
UC45,ControllDataAdvertisement
UC45,CulturalHeritage
UC45,DBConnectionPool
UC45,DBLocationStatistic
UC45,DBMenu
UC45,DBRefreshmentPoint
UC45,DBRefreshmentPointOperator
UC45,DBVisitPR
UC45,ErrorMessage
UC45,IAuthentication
UC45,ICulturalHeritageCommonManager
UC45,IDBConvention
UC45,IDBRefreshmentPoint
UC45,IRefreshmentPointCommonManager
UC45,News
UC45,RefreshmentPoint
UC45,RefreshmentPointAgencyManager
UC45,RefreshmentPointCommonManager
UC45,ReportStatistic
UC45,Tourist
UC45,TouristAgencyManager
UC45,TouristClientManager
UC46,Authentication
UC46,Banner
UC46,BeanSearchPreference
UC46,CardBC
UC46,CardPR
UC46,ControlServerLauncher
UC46,ControllDataAdvertisement
UC46,CulturalHeritage
UC46,DBSearchPreference
UC46,IAuthentication
UC46,ICulturalHeritageCommonManager
UC46,IDBGenericPreference
UC46,IDBSearchPreference
UC46,IDBTourist
UC46,IRefreshmentPointAgencyManager
UC46,ISearch
UC46,ITouristAgencyManager
UC46,ITouristClientManager
UC46,News
UC46,RefreshmentPointAgencyManager
UC46,RefreshmentPointCommonManager
UC46,Tourist
UC46,TouristAgencyManager
UC46,TouristCard
UC46,TouristClientManager
UC46,TouristCommonManager
UC47,AdvertisementAgencyManager
UC47,AdvertisementManager
UC47,Authentication
UC47,Banner
UC47,BannerDialog
UC47,CardBC
UC47,CardPR
UC47,ControlServerLauncher
UC47,ControllDataAdvertisement
UC47,CulturalHeritage
UC47,CulturalHeritageAgencyManager
UC47,CulturalHeritageCommonManager
UC47,IAuthentication
UC47,ICulturalHeritageCommonManager
UC47,IDBConvention
UC47,IDBDish
UC47,IDBRefreshmentPoint
UC47,IDBRefreshmentPointOperator
UC47,IDBTourist
UC47,IRefreshmentPointAgencyManager
UC47,ISearch
UC47,ITouristAgencyManager
UC47,ITouristClientManager
UC47,News
UC47,RefreshmentPointAgencyManager
UC47,RefreshmentPointCommonManager
UC47,ReportTableModel
UC47,Tourist
UC47,TouristAgencyManager
UC47,TouristCard
UC47,TouristClientManager
UC47,TouristCommonManager
UC47,TouristTableModel
UC48,Authentication
UC48,Banner
UC48,BeanGenericPreference
UC48,CardBC
UC48,CardPR
UC48,ControlData
UC48,ControlServerLauncher
UC48,ControllDataAdvertisement
UC48,CulturalHeritage
UC48,DBGenericPreference
UC48,DBRefreshmentPoint
UC48,IAuthentication
UC48,ICulturalHeritageAgencyManager
UC48,ICulturalHeritageCommonManager
UC48,IDBGenericPreference
UC48,IDBSearchPreference
UC48,IDBTourist
UC48,IRefreshmentPointAgencyManager
UC48,ISearch
UC48,ITouristAgencyManager
UC48,ITouristClientManager
UC48,News
UC48,RefreshmentPointAgencyManager
UC48,RefreshmentPointCommonManager
UC48,Tourist
UC48,TouristAgencyManager
UC48,TouristCard
UC48,TouristClientManager
UC48,TouristCommonManager
UC48,TouristTableModel
UC49,Authentication
UC49,Banner
UC49,CardBC
UC49,ControlServerLauncher
UC49,ControllDataAdvertisement
UC49,CulturalHeritage
UC49,DBRefreshmentPoint
UC49,DBSearchPreference
UC49,IAuthentication
UC49,ICulturalHeritageCommonManager
UC49,IDBCulturalHeritage
UC49,IDBSearchPreference
UC49,IDBTourist
UC49,ISearch
UC49,ITouristAgencyManager
UC49,ITouristClientManager
UC49,News
UC49,RefreshmentPoint
UC49,RefreshmentPointAgencyManager
UC49,RefreshmentPointCommonManager
UC49,Tag
UC49,Tourist
UC49,TouristAgencyManager
UC49,TouristCard
UC49,TouristClientManager
UC49,TouristCommonManager
UC5,Authentication
UC5,Banner
UC5,BeanOperatorAgency
UC5,BeanVisitBC
UC5,CardBC
UC5,CardPR
UC5,ControlServerLauncher
UC5,ControllDataAdvertisement
UC5,CulturalHeritage
UC5,CulturalHeritageAgencyManager
UC5,CulturalHeritageChecker
UC5,CulturalHeritageCommonManager
UC5,CulturalHeritageVisitChecker
UC5,DBAgencyOperator
UC5,IAuthentication
UC5,ICulturalHeritageAgencyManager
UC5,ICulturalHeritageCommonManager
UC5,IDBAgencyOperator
UC5,IDBCulturalHeritage
UC5,ISearch
UC5,ITagAgencyOperatorManager
UC5,News
UC5,OperatorAgency
UC5,RefreshmentPoint
UC5,RefreshmentPointCommonManager
UC5,Search
UC5,StandardSearch
UC5,TagAgencyOperatorManager
UC5,Tourist
UC5,TouristAgencyManager
UC5,TouristClientManager
UC5,TouristCommonManager
UC5,TouristTableModel
UC50,Authentication
UC50,Banner
UC50,CardBC
UC50,CardPR
UC50,ControlServerLauncher
UC50,ControllDataAdvertisement
UC50,CulturalHeritage
UC50,CulturalHeritageCommonManager
UC50,IAuthentication
UC50,ICulturalHeritageCommonManager
UC50,IDBCulturalHeritage
UC50,IDBRefreshmentPoint
UC50,IDBTourist
UC50,IDBVisitBC
UC50,IDBVisitPR
UC50,IRefreshmentPointAgencyManager
UC50,ISearch
UC50,ITouristAgencyManager
UC50,ITouristClientManager
UC50,News
UC50,RefreshmentPointAgencyManager
UC50,RefreshmentPointCommonManager
UC50,Search
UC50,Tourist
UC50,TouristAgencyManager
UC50,TouristCard
UC50,TouristClientManager
UC50,TouristCommonManager
UC51,Authentication
UC51,Banner
UC51,CardBC
UC51,ControlServerLauncher
UC51,ControllDataAdvertisement
UC51,CulturalHeritage
UC51,DBSearchPreference
UC51,IAuthentication
UC51,ICulturalHeritageCommonManager
UC51,IDBGenericPreference
UC51,IDBTourist
UC51,ITouristAgencyManager
UC51,ITouristClientManager
UC51,News
UC51,RefreshmentPointCommonManager
UC51,Search
UC51,Tourist
UC51,TouristAgencyManager
UC51,TouristCard
UC51,TouristClientManager
UC51,TouristCommonManager
UC52,Authentication
UC52,Banner
UC52,CardBC
UC52,ControlServerLauncher
UC52,ControllDataAdvertisement
UC52,CulturalHeritage
UC52,IAuthentication
UC52,ICulturalHeritageCommonManager
UC52,IDBRefreshmentPoint
UC52,IDBSearchPreference
UC52,IDBTourist
UC52,ITouristAgencyManager
UC52,ITouristClientManager
UC52,News
UC52,RefreshmentPoint
UC52,RefreshmentPointCommonManager
UC52,Search
UC52,Tag
UC52,Tourist
UC52,TouristAgencyManager
UC52,TouristCard
UC52,TouristClientManager
UC52,TouristCommonManager
UC53,AdvertisementManager
UC53,Authentication
UC53,Banner
UC53,BeanVisitBC
UC53,BeanVisitPR
UC53,CardBC
UC53,CardPR
UC53,ControlData
UC53,ControlServerLauncher
UC53,ControllDataAdvertisement
UC53,CulturalHeritageAgencyManager
UC53,CulturalHeritageCommonManager
UC53,DBVisitBC
UC53,DBVisitPR
UC53,FeedBackTableModel
UC53,IAuthentication
UC53,ICulturalHeritageCommonManager
UC53,IDBTourist
UC53,IDBVisitBC
UC53,IDBVisitPR
UC53,IRefreshmentPointAgencyManager
UC53,IRefreshmentPointCommonManager
UC53,ITouristAgencyManager
UC53,ITouristClientManager
UC53,News
UC53,NewsTableModelTest
UC53,RefreshmentPointAgencyManager
UC53,RefreshmentPointCommonManager
UC53,ReportStatistic
UC53,Search
UC53,Tourist
UC53,TouristAgencyManager
UC53,TouristCard
UC53,TouristClientManager
UC53,TouristCommonManager
UC54,AdvertisementManager
UC54,Authentication
UC54,Banner
UC54,BeanGenericPreference
UC54,CardBC
UC54,CardPR
UC54,ControlServerLauncher
UC54,ControllDataAdvertisement
UC54,CulturalHeritageAgencyManager
UC54,CulturalHeritageCommonManager
UC54,FeedBackTableModel
UC54,IAuthentication
UC54,ICulturalHeritageCommonManager
UC54,IDBTourist
UC54,IDBVisitPR
UC54,IRefreshmentPointCommonManager
UC54,ISearch
UC54,ITouristAgencyManager
UC54,ITouristClientManager
UC54,News
UC54,RefreshmentPointAgencyManager
UC54,RefreshmentPointCommonManager
UC54,Search
UC54,Tourist
UC54,TouristAgencyManager
UC54,TouristCard
UC54,TouristClientManager
UC54,TouristCommonManager
UC55,Authentication
UC55,Banner
UC55,CardBC
UC55,ControlServerLauncher
UC55,ControllDataAdvertisement
UC55,CulturalHeritage
UC55,CulturalHeritageChecker
UC55,CulturalHeritageCommonManager
UC55,DBSearchPreference
UC55,DBVisitPR
UC55,DeskManager
UC55,IAuthentication
UC55,ICulturalHeritageCommonManager
UC55,IRefreshmentPointAgencyManager
UC55,ITouristAgencyManager
UC55,News
UC55,NewsTableModelTest
UC55,RefreshmentPointCommonManager
UC55,ReportStatistic
UC55,Search
UC55,Tag
UC55,TouristAgencyManager
UC55,TouristCard
UC55,TouristClientManager
UC56,AdvancedSearch
UC56,Banner
UC56,BannerDialog
UC56,BeanCulturalHeritage
UC56,BeanRefreshmentPoint
UC56,CardBC
UC56,CardPR
UC56,CulturalHeritage
UC56,DBCulturalHeritage
UC56,DeskManager
UC56,Fuzzy
UC56,HelpManager
UC56,IDBRefreshmentPoint
UC56,IDBSearchPreference
UC56,ISearch
UC56,ITouristAgencyManager
UC56,ITouristClientManager
UC56,News
UC56,Point3D
UC56,RefreshmentPoint
UC56,ReportStatistic
UC56,Search
UC56,StandardSearch
UC56,Tag
UC56,Tourist
UC56,TouristAgencyManager
UC56,TouristCard
UC56,TouristTableModel
UC57,AdvancedSearch
UC57,Authentication
UC57,Banner
UC57,CardBC
UC57,CulturalHeritage
UC57,CulturalHeritageCommonManager
UC57,DBCulturalHeritage
UC57,DBLocationStatistic
UC57,DBRefreshmentPoint
UC57,DBSearchPreference
UC57,IAuthentication
UC57,ICulturalHeritageCommonManager
UC57,IDBCulturalHeritage
UC57,IDBRefreshmentPoint
UC57,IDBSearchPreference
UC57,IDBTourist
UC57,ISearch
UC57,ITouristAgencyManager
UC57,News
UC57,RefreshmentPoint
UC57,RefreshmentPointAgencyManager
UC57,RefreshmentPointCommonManager
UC57,Search
UC57,StandardSearch
UC57,Tourist
UC57,TouristAgencyManager
UC57,TouristCard
UC57,TouristClientManager
UC57,TouristCommonManager
UC58,AdvertisementManager
UC58,Authentication
UC58,Banner
UC58,CardBC
UC58,CardPR
UC58,ControlServerLauncher
UC58,ControllDataAdvertisement
UC58,CulturalHeritage
UC58,DBVisitPR
UC58,IDBDish
UC58,IDBTourist
UC58,ISearch
UC58,ITouristAgencyManager
UC58,ITouristClientManager
UC58,News
UC58,RefreshmentPoint
UC58,RefreshmentPointCommonManager
UC58,Search
UC58,TagAgencyOperatorManager
UC58,Tourist
UC58,TouristAgencyManager
UC58,TouristCard
UC58,TouristClientManager
UC58,TouristCommonManager
UC58,TouristTableModel
UC6,AdvancedSearch
UC6,Authentication
UC6,Banner
UC6,BeanOperatorAgency
UC6,CardBC
UC6,CardPR
UC6,ControlServerLauncher
UC6,ControllDataAdvertisement
UC6,CulturalHeritage
UC6,CulturalHeritageAgencyManager
UC6,DBAgencyOperator
UC6,DBRefreshmentPoint
UC6,DBRefreshmentPointOperator
UC6,IAuthentication
UC6,ICulturalHeritageAgencyManager
UC6,ICulturalHeritageCommonManager
UC6,IDBAgencyOperator
UC6,IDBCulturalHeritage
UC6,IDBRefreshmentPoint
UC6,IDBSearchPreference
UC6,IDBTourist
UC6,IRefreshmentPointAgencyManager
UC6,IRefreshmentPointCommonManager
UC6,ISearch
UC6,ITagAgencyOperatorManager
UC6,ITouristClientManager
UC6,News
UC6,OperatorAgency
UC6,RefreshmentPointAgencyManager
UC6,RefreshmentPointCommonManager
UC6,ReportStatistic
UC6,Search
UC6,StandardSearch
UC6,TagAgencyOperatorManager
UC6,Tourist
UC6,TouristAgencyManager
UC6,TouristCard
UC6,TouristClientManager
UC6,TouristCommonManager
UC7,AdvertisementManager
UC7,Authentication
UC7,Banner
UC7,BannerDialog
UC7,BeanConvention
UC7,BeanOperatorAgency
UC7,BeanTourist
UC7,CardBC
UC7,CardPR
UC7,ControlData
UC7,ControlServerLauncher
UC7,ControllDataAdvertisement
UC7,CulturalHeritage
UC7,CulturalHeritageAgencyManager
UC7,DBAgencyOperator
UC7,DBConvention
UC7,DBMenu
UC7,DBRefreshmentPointOperator
UC7,IAuthentication
UC7,ICulturalHeritageAgencyManager
UC7,ICulturalHeritageCommonManager
UC7,IDBConvention
UC7,IRefreshmentPointAgencyManager
UC7,ITouristAgencyManager
UC7,News
UC7,OperatorAgency
UC7,RefreshmentPoint
UC7,RefreshmentPointAgencyManager
UC7,RefreshmentPointCommonManager
UC7,ReportStatistic
UC7,Search
UC7,Tag
UC7,TagAgencyOperatorManager
UC7,Tourist
UC7,TouristAgencyManager
UC7,TouristCard
UC7,TouristClientManager
UC7,TouristCommonManager
UC8,AdvertisementManager
UC8,Authentication
UC8,Banner
UC8,BeanConvention
UC8,BeanMenu
UC8,BeanOperatorAgency
UC8,BeanOperatorRefreshmentPoint
UC8,CardBC
UC8,CardPR
UC8,ControlData
UC8,CulturalHeritage
UC8,CulturalHeritageAgencyManager
UC8,CulturalHeritageVisitChecker
UC8,DBAgencyOperator
UC8,DBRefreshmentPoint
UC8,DBRefreshmentPointOperator
UC8,IAdvertisementManager
UC8,IAuthentication
UC8,ICulturalHeritageAgencyManager
UC8,ICulturalHeritageCommonManager
UC8,IDBAgencyOperator
UC8,IDBDish
UC8,IDBRefreshmentPoint
UC8,IDBVisitPR
UC8,IRefreshmentPointAgencyManager
UC8,IRefreshmentPointCommonManager
UC8,ISearch
UC8,ITagAgencyOperatorManager
UC8,News
UC8,OperatorAgency
UC8,RefreshmentPoint
UC8,RefreshmentPointAgencyManager
UC8,RefreshmentPointCommonManager
UC8,Search
UC8,StandardSearch
UC8,TagAgencyOperatorManager
UC8,Tourist
UC8,TouristAgencyManager
UC8,TouristCard
UC8,TouristClientManager
UC8,TouristCommonManager
UC9,AdvancedSearch
UC9,AdvertisementManager
UC9,Banner
UC9,BeanConvention
UC9,CardBC
UC9,CardPR
UC9,CulturalHeritage
UC9,CulturalHeritageAgencyManager
UC9,CulturalHeritageCommonManager
UC9,DBMenu
UC9,IAdvertisementManager
UC9,IAuthentication
UC9,ICulturalHeritageCommonManager
UC9,IDBRefreshmentPoint
UC9,IDBSearchPreference
UC9,IRefreshmentPointAgencyManager
UC9,ISearch
UC9,News
UC9,RefreshmentPoint
UC9,RefreshmentPointCommonManager
UC9,Search
UC9,StandardSearch
UC9,Tourist
UC9,TouristAgencyManager
UC9,TouristCard
UC9,TouristClientManager
UC9,TouristCommonManagershmentPoint
UC9,RefreshmentPointCommonManager
UC9,Search
UC9,StandardSearch
UC9,Tourist
UC9,TouristAgencyManager
UC9,TouristCard
UC9,TouristClientManager
UC9,TouristCommonManager